ID_Cliente;Zona;Pais;Tipo_de_producto;Canal_de_venta;Prioridad;ID_Pedido;Unidades;Precio_Unitario;Coste_unitario;Importe_venta_total;Importe_Coste_total;Fecha
C2421;Europa;United_Kingdom;Snacks;Offline;Critica;242113196;5530;153;97;843767;538843;2023
C1908;Europa;Malta;Carnicos;Online;Alta;190800607;994;422;365;419359;362502;2021
C7652;Australia_y_Oceania;Marshall_Islands;Cereales;Online;Critica;765228068;6845;206;117;1408017;801618;2023
C2326;Africa;Iran;Frutas;Offline;Baja;232631909;9806;9;7;91490;67858;2021
C5305;Centroamerica_y_Caribe;Guatemala;Alimento_infantil;Offline;Media;530560958;3633;255;159;927432;579173;2020
C5168;Centroamerica_y_Caribe;Grenada;Bebida;Offline;Baja;516876542;4110;47;32;195020;130657;2017
C9197;Australia_y_Oceania;Fiji;Snacks;Offline;Media;919752490;4056;153;97;618864;395217;2022
C2876;Africa;Tunisia;Cosmeticos;Offline;Media;287675130;8319;437;263;3637067;2190642;2020
C8394;Centroamerica_y_Caribe;Grenada;Cuidado_personal;Offline;Critica;839443290;8779;82;57;717508;497506;2020
C8141;Australia_y_Oceania;Australia;Material_de_oficina;Online;Media;814168298;9347;651;525;6086860;4906801;2019
C3212;Norteamerica;Greenland;Cosmeticos;Online;Alta;321273982;966;437;263;422335;254377;2017
C8904;Africa;Angola;Snacks;Online;Critica;890496671;6609;153;97;1008401;643981;2018
C5218;Africa;Zambia;Bebida;Offline;Critica;521885192;6281;47;32;298033;199673;2018
C4358;Africa;Kenya;Verduras;Offline;Alta;435800874;2018;154;91;310893;183497;2023
C1229;Africa;Azerbaijan;Frutas;Offline;Critica;122917544;2888;9;7;26945;19985;2017
C4942;Africa;Mozambique;Cuidado_personal;Offline;Critica;494221532;9989;82;57;816401;566077;2022
C7310;Australia_y_Oceania;Federated_States_of_Micronesia;Cosmeticos;Offline;Critica;731011664;1451;437;263;634377;382092;2017
C5348;Centroamerica_y_Caribe;Dominican_Republic;Snacks;Offline;Critica;534899270;7436;153;97;1134585;724564;2022
C5778;Africa;Libya;Material_de_oficina;Online;Alta;577808177;5135;651;525;3343963;2695670;2020
C2519;Asia;Uzbekistan;Material_de_oficina;Online;Baja;251974713;3772;651;525;2456364;1980149;2021
C8199;Asia;Sri_Lanka;Cuidado_personal;Offline;Media;819947707;9602;82;57;784771;544145;2021
C4645;Africa;The_Gambia;Cosmeticos;Online;Critica;464588487;912;437;263;398726;240157;2021
C1390;Asia;Myanmar;Snacks;Offline;Media;139070880;3019;153;97;460639;294171;2023
C4168;Asia;Bhutan;Ropa;Online;Critica;416881215;3270;109;36;357346;117197;2019
C1418;Africa;Mali;Verduras;Online;Critica;141818320;6047;154;91;931601;549854;2023
C4779;Africa;Burundi;Cuidado_personal;Online;Alta;477993524;7761;82;57;634307;439816;2022
C8598;Africa;Libya;Ropa;Offline;Alta;859830653;1852;109;36;202387;66376;2019
C3420;Africa;Nigeria;Ropa;Offline;Critica;342066037;3797;109;36;414936;136084;2018
C7497;Europa;Norway;Domestico;Online;Critica;749748504;6098;668;503;4075110;3064489;2022
C8282;Africa;Kenya;Cosmeticos;Offline;Media;828239381;3293;437;263;1439700;867146;2022
C2932;Australia_y_Oceania;Papua_New_Guinea;Verduras;Online;Alta;293212497;6948;154;91;1070409;631782;2019
C2806;Asia;North_Korea;Cuidado_personal;Offline;Baja;280654180;663;82;57;54187;37572;2017
C1968;Europa;Montenegro;Ropa;Offline;Media;196863257;5067;109;36;553722;181601;2018
C8684;Europa;Norway;Frutas;Offline;Alta;868451058;2822;9;7;26329;19528;2022
C4923;Africa;Lesotho;Ropa;Offline;Baja;492341411;3619;109;36;395484;129705;2018
C4857;Asia;Indonesia;Carnicos;Online;Alta;485770642;9183;422;365;3874216;3348948;2017
C5362;Africa;Iraq;Bebida;Online;Alta;536287581;8268;47;32;392317;262840;2019
C8517;Asia;Singapore;Cereales;Online;Critica;851753556;1660;206;117;341462;194403;2022
C8103;Asia;South_Korea;Verduras;Online;Media;810342395;7177;154;91;1105689;652605;2022
C3105;Africa;Lebanon;Domestico;Online;Baja;310540425;4668;668;503;3119484;2345857;2017
C2211;Asia;Myanmar;Frutas;Online;Alta;221146476;1011;9;7;9433;6996;2023
C1312;Asia;Vietnam;Ropa;Online;Alta;131271874;5120;109;36;559514;183501;2021
C6003;Africa;Jordan;Frutas;Online;Baja;600340449;2935;9;7;27384;20310;2017
C9080;Australia_y_Oceania;Palau;Material_de_oficina;Offline;Baja;908088529;2430;651;525;1582440;1275653;2019
C4045;Centroamerica_y_Caribe;Antigua_and_Barbuda_;Cereales;Offline;Critica;404564940;8611;206;117;1771283;1008434;2019
C7601;Australia_y_Oceania;Papua_New_Guinea;Cuidado_personal;Offline;Baja;760131013;8513;82;57;695767;482432;2017
C1154;Centroamerica_y_Caribe;El_Salvador;Ropa;Offline;Media;115460574;6205;109;36;678082;222387;2022
C7315;Africa;Republic_of_the_Congo;Bebida;Offline;Baja;731539952;7783;47;32;369303;247422;2021
C4396;Australia_y_Oceania;Vanuatu;Carnicos;Online;Critica;439667975;6379;422;365;2691236;2326358;2021
C2914;Asia;Bangladesh;Ropa;Offline;Baja;291455972;7154;109;36;781789;256399;2021
C5088;Africa;Burundi;Cereales;Offline;Baja;508827769;2299;206;117;472904;269236;2022
C9340;Africa;South_Sudan;Verduras;Online;Media;934019696;6039;154;91;930368;549126;2018
C5795;Africa;Mozambique;Bebida;Online;Baja;579580581;9628;47;32;456849;306074;2018
C7783;Centroamerica_y_Caribe;Saint_Kitts_and_Nevis_;Carnicos;Online;Critica;778371751;6353;422;365;2680267;2316876;2023
C2335;Africa;Rwanda;Verduras;Offline;Media;233567035;6531;154;91;1006166;593864;2019
C8686;Africa;Rwanda;Bebida;Online;Alta;868652760;2510;47;32;119100;79793;2018
C1774;Europa;Moldova_;Verduras;Offline;Baja;177427756;3671;154;91;565554;333804;2020
C6740;Europa;Austria;Cereales;Offline;Baja;674003350;1424;206;117;292917;166765;2020
C4428;Europa;Spain;Ropa;Offline;Baja;442803370;4212;109;36;460287;150958;2023
C7885;Asia;China;Alimento_infantil;Online;Critica;788564145;2509;255;159;640498;399985;2018
C3863;Africa;Qatar;Cosmeticos;Online;Media;386334502;3819;437;263;1669667;1005657;2022
C2314;Europa;Georgia;Cuidado_personal;Online;Critica;231475770;7679;82;57;627605;435169;2022
C4896;Asia;Kazakhstan;Domestico;Online;Media;489661777;656;668;503;438385;329666;2023
C9468;Africa;Namibia;Cuidado_personal;Offline;Baja;946878850;1348;82;57;110172;76391;2018
C5594;Centroamerica_y_Caribe;Jamaica;Carnicos;Offline;Baja;559425818;5386;422;365;2272300;1964220;2018
C6039;Africa;Syria;Verduras;Offline;Media;603914010;431;154;91;66400;39191;2019
C6272;Africa;Tanzania;Frutas;Offline;Critica;627267253;1174;9;7;10953;8124;2019
C6967;Africa;Angola;Alimento_infantil;Online;Alta;696721875;4340;255;159;1107915;691883;2018
C9498;Asia;China;Cuidado_personal;Offline;Baja;949826705;3684;82;57;301093;208772;2019
C2444;Europa;Hungary;Cuidado_personal;Offline;Baja;244443070;4991;82;57;407914;282840;2023
C2087;Europa;Norway;Domestico;Offline;Alta;208744800;1080;668;503;721732;542743;2021
C2912;Australia_y_Oceania;Australia;Carnicos;Offline;Critica;291218221;6798;422;365;2868008;2479163;2018
C9106;Africa;Nigeria;Domestico;Offline;Media;910662162;4025;668;503;2689787;2022724;2021
C3061;Asia;Thailand;Material_de_oficina;Online;Media;306187951;6674;651;525;4346176;3503583;2019
C3872;Asia;Taiwan;Frutas;Offline;Alta;387219417;5685;9;7;53041;39340;2019
C8834;Asia;India;Verduras;Online;Baja;883492887;4033;154;91;621324;366721;2020
C6950;Europa;Romania;Bebida;Offline;Baja;695057189;1723;47;32;81756;54774;2019
C1422;Australia_y_Oceania;East_Timor;Cosmeticos;Online;Baja;142273652;790;437;263;345388;208031;2022
C5158;Europa;Bosnia_and_Herzegovina;Cereales;Online;Baja;515816104;303;206;117;62327;35484;2017
C9266;Europa;Ireland;Cuidado_personal;Offline;Baja;926670873;1359;82;57;111071;77015;2022
C5561;Europa;Croatia;Domestico;Online;Baja;556136786;2089;668;503;1396016;1049806;2020
C9058;Africa;Iraq;Alimento_infantil;Online;Baja;905825173;2653;255;159;677258;422941;2017
C8476;Europa;Malta;Material_de_oficina;Online;Critica;847659862;245;651;525;159546;128615;2022
C6738;Europa;Ireland;Carnicos;Offline;Baja;673877179;4087;422;365;1724264;1490488;2023
C7470;Africa;Madagascar;Alimento_infantil;Online;Baja;747025954;435;255;159;111047;69348;2017
C1499;Europa;Austria;Cosmeticos;Online;Media;149967515;7575;437;263;3311790;1994725;2023
C7358;Africa;Sierra_Leone;Cuidado_personal;Offline;Critica;735875689;824;82;57;67346;46696;2017
C3782;Europa;Netherlands;Material_de_oficina;Online;Critica;378236806;7531;651;525;4904263;3953474;2022
C6208;Europa;Croatia;Cosmeticos;Offline;Alta;620849692;2075;437;263;907190;546410;2019
C8278;Centroamerica_y_Caribe;Trinidad_and_Tobago;Snacks;Offline;Baja;827825677;869;153;97;132592;84675;2021
C4335;Asia;South_Korea;Domestico;Offline;Critica;433588588;7353;668;503;4913789;3695177;2022
C2928;Australia_y_Oceania;Samoa;Carnicos;Offline;Alta;292874753;7003;422;365;2954496;2553924;2021
C4307;Europa;Albania;Material_de_oficina;Offline;Baja;430733001;2322;651;525;1512110;1218957;2020
C4925;Africa;Cape_Verde;Frutas;Online;Media;492524659;7846;9;7;73203;54294;2018
C1939;Europa;Italy;Bebida;Online;Baja;193923556;5145;47;32;244130;163560;2022
C6709;Europa;Hungary;Bebida;Offline;Baja;670916020;7815;47;32;370822;248439;2020
C4298;Asia;Maldives;Alimento_infantil;Offline;Critica;429800879;6486;255;159;1655746;1033998;2020
C2971;Africa;Mali;Domestico;Offline;Alta;297189462;3821;668;503;2553460;1920205;2020
C2700;Africa;Yemen;Cuidado_personal;Online;Media;270005595;9511;82;57;777334;538988;2021
C8654;Asia;North_Korea;Snacks;Offline;Baja;865485608;5279;153;97;805470;514386;2017
C8711;Asia;Uzbekistan;Cereales;Offline;Alta;871178328;9882;206;117;2032727;1157281;2020
C4949;Europa;Latvia;Verduras;Online;Baja;494945085;4104;154;91;632262;373177;2021
C9149;Asia;Singapore;Snacks;Offline;Critica;914959704;5764;153;97;879471;561644;2023
C2297;Europa;Lithuania;Domestico;Online;Baja;229708516;4709;668;503;3146883;2366461;2017
C2079;Africa;Senegal;Bebida;Offline;Alta;207990348;7821;47;32;371106;248630;2019
C4389;Africa;South_Sudan;Verduras;Offline;Critica;438916528;4009;154;91;617627;364538;2019
C5819;Europa;Bulgaria;Alimento_infantil;Online;Alta;581910884;9217;255;159;2352916;1469374;2017
C8167;Africa;Seychelles_;Carnicos;Offline;Alta;816709744;1417;422;365;597818;516766;2020
C4933;Centroamerica_y_Caribe;Saint_Kitts_and_Nevis_;Domestico;Online;Alta;493361937;5616;668;503;3753004;2822265;2018
C3822;Centroamerica_y_Caribe;Saint_Vincent_and_the_Grenadines;Alimento_infantil;Offline;Alta;382228791;8848;255;159;2258717;1410548;2021
C4239;Europa;Andorra;Cosmeticos;Offline;Baja;423984134;5182;437;263;2265570;1364576;2017
C1796;Africa;Mali;Carnicos;Offline;Critica;179614293;716;422;365;302073;261118;2019
C1804;Africa;Togo;Cuidado_personal;Offline;Media;180418097;8579;82;57;701162;486172;2020
C5780;Asia;Thailand;Carnicos;Offline;Alta;578006875;3934;422;365;1659715;1434690;2023
C6943;Europa;Moldova_;Domestico;Online;Alta;694304454;8972;668;503;5995718;4508789;2023
C3715;Centroamerica_y_Caribe;Trinidad_and_Tobago;Alimento_infantil;Online;Alta;371547162;7917;255;159;2021052;1262128;2021
C4222;Asia;Japan;Bebida;Online;Media;422283828;2024;47;32;96039;64343;2018
C3793;Africa;Central_African_Republic;Cereales;Offline;Critica;379375779;4578;206;117;941695;536130;2022
C7459;Africa;Azerbaijan;Cuidado_personal;Online;Baja;745996844;5899;82;57;482125;334296;2022
C7456;Africa;Mauritania;Frutas;Offline;Baja;745633351;8333;9;7;77747;57664;2019
C5720;Europa;Portugal;Snacks;Offline;Media;572084128;1261;153;97;192403;122872;2020
C9394;Africa;Liberia;Bebida;Online;Baja;939460504;6095;47;32;289208;193760;2017
C8321;Africa;South_Sudan;Frutas;Online;Alta;832186305;1276;9;7;11905;8830;2017
C6549;Africa;Cameroon;Frutas;Online;Baja;654997861;7277;9;7;67894;50357;2017
C8829;Centroamerica_y_Caribe;Cuba;Carnicos;Online;Baja;882943999;1605;422;365;677133;585327;2018
C7113;Africa;Malawi;Frutas;Online;Baja;711386048;3795;9;7;35407;26261;2022
C3059;Australia_y_Oceania;Tuvalu;Bebida;Offline;Baja;305997836;415;47;32;19692;13193;2017
C3527;Africa;Burundi;Carnicos;Offline;Alta;352765691;62;422;365;26157;22611;2017
C7079;Africa;Liberia;Verduras;Online;Critica;707988440;8367;154;91;1289020;760811;2022
C8482;Asia;Turkmenistan;Verduras;Offline;Media;848277413;2992;154;91;460948;272063;2022
C3205;Africa;Uganda;Domestico;Online;Media;320556437;8628;668;503;5765834;4335915;2019
C9920;Africa;Lebanon;Alimento_infantil;Online;Alta;992061841;1999;255;159;510305;318681;2021
C3003;Europa;Switzerland;Material_de_oficina;Online;Media;300342452;6861;651;525;4467952;3601751;2021
C7032;Africa;Kuwait;Verduras;Online;Alta;703259599;8998;154;91;1386232;818188;2017
C2289;Asia;India;Ropa;Offline;Alta;228987109;1229;109;36;134305;44047;2018
C1260;Africa;Angola;Cereales;Online;Critica;126011312;8402;206;117;1728291;983958;2021
C8131;Asia;Uzbekistan;Bebida;Offline;Critica;813131034;2397;47;32;113738;76201;2023
C5294;Europa;Latvia;Cuidado_personal;Offline;Critica;529457604;7126;82;57;582408;403830;2023
C2844;Africa;Ghana;Carnicos;Offline;Media;284414851;3530;422;365;1489272;1287356;2022
C7077;Europa;Poland;Bebida;Online;Critica;707739102;4583;47;32;217463;145694;2022
C6994;Asia;Mongolia;Cosmeticos;Online;Baja;699479186;290;437;263;126788;76366;2018
C5799;Asia;Vietnam;Cereales;Online;Critica;579996430;2687;206;117;552716;314675;2019
C7399;Europa;United_Kingdom;Cereales;Online;Baja;739964663;842;206;117;173199;98607;2023
C2903;Australia_y_Oceania;Vanuatu;Ropa;Offline;Baja;290370213;5854;109;36;639725;209807;2021
C2125;Africa;Ethiopia;Frutas;Online;Baja;212511909;5851;9;7;54590;40489;2017
C2080;Africa;Niger;Frutas;Online;Critica;208001077;996;9;7;9293;6892;2019
C9487;Africa;Central_African_Republic;Cuidado_personal;Offline;Alta;948761546;8480;82;57;693070;480562;2018
C9270;Africa;Cape_Verde;Snacks;Offline;Critica;927029645;7527;153;97;1148470;733431;2022
C5053;Norteamerica;United_States_of_America;Cuidado_personal;Offline;Critica;505354201;4393;82;57;359040;248951;2017
C5665;Africa;Sudan;Frutas;Offline;Critica;566596543;7363;9;7;68697;50952;2021
C2639;Africa;Republic_of_the_Congo;Material_de_oficina;Offline;Critica;263930499;1755;651;525;1142874;921305;2023
C1708;Australia_y_Oceania;Federated_States_of_Micronesia;Frutas;Online;Critica;170842397;4917;9;7;45876;34026;2018
C9311;Africa;South_Sudan;Frutas;Offline;Baja;931131064;1229;9;7;11467;8505;2023
C1089;Africa;Cape_Verde;Frutas;Online;Media;108907830;7102;9;7;66262;49146;2021
C7385;Australia_y_Oceania;Palau;Domestico;Offline;Alta;738596522;5979;668;503;3995586;3004687;2019
C9749;Africa;Bahrain;Material_de_oficina;Offline;Baja;974933469;3333;651;525;2170483;1749692;2021
C8429;Africa;Algeria;Material_de_oficina;Offline;Media;842967498;1670;651;525;1087521;876683;2017
C8880;Africa;Botswana;Cuidado_personal;Online;Critica;888059937;5525;82;57;451558;313102;2022
C8258;Africa;Seychelles_;Domestico;Offline;Media;825884616;6466;668;503;4321034;3249424;2018
C8924;Africa;The_Gambia;Material_de_oficina;Online;Alta;892427861;8091;651;525;5268940;4247451;2017
C4939;Africa;Guinea_Bissau;Material_de_oficina;Online;Baja;493988502;1030;651;525;670746;540709;2020
C4571;Africa;Pakistan;Verduras;Offline;Baja;457177865;7945;154;91;1224007;722439;2017
C7789;Africa;Mauritania;Carnicos;Online;Media;778919780;8527;422;365;3597456;3109712;2019
C1764;Asia;Thailand;Material_de_oficina;Online;Alta;176450574;4501;651;525;2931096;2362845;2023
C1373;Africa;Afghanistan;Carnicos;Offline;Media;137319076;4621;422;365;1949554;1685232;2020
C8693;Africa;The_Gambia;Ropa;Online;Baja;869386613;9673;109;36;1057065;346680;2022
C8508;Africa;Oman;Carnicos;Offline;Baja;850827014;7476;422;365;3154050;2726422;2021
C8801;Africa;Burkina_Faso;Snacks;Offline;Alta;880126607;7876;153;97;1201720;767437;2021
C9260;Africa;Cameroon;Ropa;Offline;Media;926084220;7755;109;36;847466;277939;2017
C5778;Africa;Burkina_Faso;Cereales;Online;Alta;577811181;6024;206;117;1239137;705471;2017
C3947;Europa;Serbia;Snacks;Online;Alta;394731318;8624;153;97;1315850;840323;2019
C5565;Africa;Mauritius_;Domestico;Offline;Critica;556580960;3529;668;503;2358325;1773464;2022
C4134;Africa;Liberia;Material_de_oficina;Offline;Critica;413408935;5745;651;525;3741201;3015895;2021
C7355;Europa;Latvia;Cuidado_personal;Offline;Critica;735576570;2308;82;57;188633;130794;2022
C5637;Asia;China;Ropa;Offline;Media;563757693;7284;109;36;795996;261059;2017
C3589;Australia_y_Oceania;New_Zealand;Verduras;Online;Baja;358938634;6773;154;91;1043448;615869;2023
C6524;Africa;Sierra_Leone;Snacks;Online;Critica;652418220;3904;153;97;595672;380406;2020
C6958;Europa;Bulgaria;Material_de_oficina;Online;Critica;695807778;3839;651;525;2499995;2015321;2019
C7110;Africa;Somalia;Material_de_oficina;Offline;Critica;711031138;8769;651;525;5710460;4603374;2022
C5403;Europa;Spain;Bebida;Offline;Alta;540324628;2919;47;32;138507;92795;2020
C9962;Europa;Cyprus;Cereales;Offline;Media;996237075;7544;206;117;1551801;883478;2021
C7116;Africa;Namibia;Ropa;Online;Media;711629807;5929;109;36;647921;212495;2022
C1896;Norteamerica;Greenland;Cereales;Offline;Alta;189676654;8392;206;117;1726234;982787;2019
C4538;Africa;Rwanda;Domestico;Online;Baja;453863942;7281;668;503;4865674;3658994;2023
C7979;Centroamerica_y_Caribe;The_Bahamas;Material_de_oficina;Offline;Baja;797990500;1977;651;525;1287442;1037846;2020
C1361;Europa;Germany;Bebida;Online;Alta;136167657;3890;47;32;184581;123663;2022
C1528;Europa;Cyprus;Bebida;Online;Critica;152819240;1464;47;32;69467;46541;2022
C3526;Europa;Luxembourg;Snacks;Online;Critica;352681577;5171;153;97;788991;503862;2022
C3108;Australia_y_Oceania;Tuvalu;Cereales;Online;Alta;310803496;2516;206;117;517541;294649;2019
C1225;Europa;Bulgaria;Cosmeticos;Offline;Baja;122546327;3036;437;263;1327339;799470;2020
C8535;Asia;Bangladesh;Frutas;Offline;Alta;853583896;3298;9;7;30770;22822;2022
C4899;Centroamerica_y_Caribe;El_Salvador;Cuidado_personal;Offline;Alta;489902532;1901;82;57;155369;107730;2020
C6878;Asia;China;Verduras;Online;Media;687801063;4474;154;91;689264;406821;2022
C9238;Asia;Mongolia;Carnicos;Online;Media;923890817;8678;422;365;3661161;3164780;2018
C7450;Australia_y_Oceania;Solomon_Islands;Frutas;Offline;Alta;745095622;9207;9;7;85901;63712;2023
C2186;Africa;Mauritania;Cosmeticos;Offline;Baja;218651807;2783;437;263;1216728;732847;2022
C3821;Asia;South_Korea;Verduras;Online;Media;382108199;3162;154;91;487138;287521;2023
C9933;Asia;Myanmar;Material_de_oficina;Online;Baja;993326127;6130;651;525;3991917;3218005;2018
C9804;Africa;Botswana;Cereales;Offline;Baja;980479419;4503;206;117;926267;527346;2018
C6920;Europa;Portugal;Snacks;Offline;Critica;692054402;3131;153;97;477728;305085;2021
C5468;Europa;Spain;Verduras;Offline;Critica;546849906;3894;154;91;599910;354081;2020
C5839;Africa;Cote_d'Ivoire;Bebida;Offline;Baja;583977258;703;47;32;33357;22348;2017
C9128;Europa;Russia;Alimento_infantil;Online;Critica;912860286;4499;255;159;1148505;717231;2022
C3632;Australia_y_Oceania;Federated_States_of_Micronesia;Ropa;Offline;Media;363235318;8257;109;36;902325;295931;2023
C5351;Africa;The_Gambia;Carnicos;Offline;Alta;535151183;1982;422;365;836186;722816;2020
C8489;Europa;Luxembourg;Frutas;Offline;Alta;848969209;7710;9;7;71934;53353;2022
C7953;Africa;Liberia;Frutas;Offline;Critica;795363223;4507;9;7;42050;31188;2022
C3853;Africa;Burundi;Cosmeticos;Offline;Critica;385319554;3474;437;263;1518833;914808;2023
C6001;Africa;Syria;Cereales;Offline;Alta;600137031;2739;206;117;563412;320764;2023
C2414;Norteamerica;United_States_of_America;Ropa;Offline;Alta;241426980;2463;109;36;269157;88274;2020
C8811;Asia;Japan;Alimento_infantil;Offline;Baja;881113231;9840;255;159;2511955;1568693;2018
C1114;Asia;Laos;Frutas;Offline;Baja;111432111;4093;9;7;38188;28324;2020
C9949;Europa;Germany;Verduras;Online;Critica;994932448;1476;154;91;227393;134213;2020
C8144;Norteamerica;Greenland;Cuidado_personal;Online;Critica;814475572;276;82;57;22557;15641;2023
C5232;Centroamerica_y_Caribe;Jamaica;Carnicos;Offline;Alta;523235309;5810;422;365;2451181;2118849;2019
C6946;Europa;Switzerland;Verduras;Online;Media;694697988;5427;154;91;836084;493477;2018
C1726;Europa;Sweden;Material_de_oficina;Online;Media;172662436;3507;651;525;2283793;1841035;2019
C1212;Africa;Liberia;Bebida;Online;Media;121239984;6460;47;32;306527;205363;2021
C8748;Australia_y_Oceania;Kiribati;Alimento_infantil;Offline;Media;874854457;7730;255;159;1973314;1232317;2021
C5882;Europa;Malta;Carnicos;Online;Media;588242185;2789;422;365;1176651;1017120;2017
C1864;Asia;Philippines;Cuidado_personal;Online;Baja;186451995;4144;82;57;338689;234840;2021
C2148;Africa;Comoros;Alimento_infantil;Offline;Baja;214845216;6329;255;159;1615667;1008969;2017
C3890;Europa;Liechtenstein;Domestico;Offline;Baja;389095675;912;668;503;609462;458316;2023
C9451;Africa;Lebanon;Cereales;Online;Baja;945189702;1492;206;117;306904;174728;2023
C3894;Norteamerica;Greenland;Cereales;Offline;Critica;389426124;8699;206;117;1789384;1018740;2018
C4484;Africa;Chad;Cereales;Online;Media;448416268;5193;206;117;1068200;608152;2019
C2190;Europa;Macedonia;Domestico;Offline;Baja;219083964;668;668;503;446404;335697;2019
C2186;Africa;United_Arab_Emirates;Cosmeticos;Offline;Alta;218665540;6847;437;263;2993508;1803021;2021
C1347;Africa;Qatar;Cereales;Offline;Alta;134709823;2485;206;117;511165;291018;2022
C1750;Africa;Iraq;Verduras;Online;Alta;175078141;8367;154;91;1289020;760811;2023
C6179;Europa;Kosovo;Material_de_oficina;Online;Baja;617944324;2312;651;525;1505598;1213708;2022
C4617;Asia;Bhutan;Cosmeticos;Offline;Critica;461794698;4168;437;263;1822250;1097559;2019
C5754;Centroamerica_y_Caribe;Cuba;Ropa;Offline;Alta;575428092;815;109;36;89063;29210;2021
C5479;Norteamerica;Mexico;Alimento_infantil;Online;Media;547955834;1163;255;159;296891;185405;2019
C9388;Africa;Cote_d'Ivoire;Bebida;Online;Media;938801753;1156;47;32;54852;36749;2018
C1277;Africa;Nigeria;Cereales;Offline;Alta;127702176;8767;206;117;1803372;1026703;2022
C1647;Australia_y_Oceania;Vanuatu;Material_de_oficina;Offline;Alta;164705932;9000;651;525;5860890;4724640;2017
C9201;Africa;Kuwait;Verduras;Offline;Baja;920174348;8893;154;91;1370056;808640;2019
C5347;Africa;Namibia;Carnicos;Offline;Media;534781253;2512;422;365;1059788;916101;2018
C3695;Africa;Egypt;Verduras;Online;Baja;369512975;5955;154;91;917427;541488;2021
C9556;Africa;Swaziland;Frutas;Offline;Critica;955668342;2354;9;7;21963;16290;2023
C6448;Centroamerica_y_Caribe;Antigua_and_Barbuda_;Carnicos;Offline;Critica;644858682;6869;422;365;2897962;2505056;2020
C5590;Asia;Sri_Lanka;Verduras;Offline;Alta;559007823;1692;154;91;260670;153854;2022
C5403;Europa;Liechtenstein;Bebida;Offline;Media;540352094;1047;47;32;49680;33284;2021
C5014;Africa;Angola;Material_de_oficina;Online;Critica;501440322;6189;651;525;4030339;3248977;2018
C8751;Asia;Brunei;Domestico;Offline;Critica;875133836;404;668;503;269981;203026;2019
C3646;Australia_y_Oceania;Samoa;Ropa;Offline;Critica;364606463;4010;109;36;438213;143718;2021
C8933;Australia_y_Oceania;Marshall_Islands;Frutas;Online;Baja;893344533;9354;9;7;87273;64730;2019
C8551;Africa;Democratic_Republic_of_the_Congo;Frutas;Online;Critica;855146872;5818;9;7;54282;40261;2019
C9641;Australia_y_Oceania;Tonga;Cosmeticos;Online;Critica;964124810;4811;437;263;2103369;1266881;2022
C2047;Africa;Mozambique;Snacks;Offline;Critica;204702174;4777;153;97;728875;465471;2020
C7816;Africa;Kuwait;Carnicos;Online;Media;781615293;6189;422;365;2611077;2257066;2019
C4699;Europa;Romania;Bebida;Offline;Alta;469912993;6552;47;32;310892;208288;2017
C2649;Africa;South_Sudan;Cosmeticos;Online;Critica;264956605;5402;437;263;2361754;1422509;2020
C3324;Asia;Malaysia;Snacks;Offline;Critica;332419955;9307;153;97;1420062;906874;2023
C4582;Centroamerica_y_Caribe;Costa_Rica;Snacks;Offline;Media;458289372;6864;153;97;1047309;668828;2017
C4988;Europa;Croatia;Cuidado_personal;Online;Alta;498863685;3705;82;57;302810;209962;2018
C8307;Asia;Nepal;Bebida;Offline;Baja;830754220;7490;47;32;355401;238107;2020
C1008;Asia;Tajikistan;Alimento_infantil;Online;Alta;100884807;2911;255;159;743120;464072;2021
C1764;Europa;Serbia;Carnicos;Offline;Alta;176491773;6692;422;365;2823288;2440505;2021
C2951;Africa;Angola;Carnicos;Offline;Baja;295123946;2589;422;365;1092273;944182;2020
C2146;Asia;Japan;Cuidado_personal;Online;Baja;214642655;6386;82;57;521928;361895;2020
C6632;Europa;Iceland;Carnicos;Online;Media;663221728;903;422;365;380967;329315;2019
C1893;Europa;Cyprus;Ropa;Offline;Media;189347493;986;109;36;107750;35338;2018
C1118;Australia_y_Oceania;East_Timor;Bebida;Offline;Alta;111818778;8516;47;32;404084;270724;2021
C4697;Asia;Tajikistan;Material_de_oficina;Online;Baja;469746911;7405;651;525;4822210;3887329;2023
C4725;Africa;Somalia;Domestico;Online;Critica;472555720;8594;668;503;5743112;4318829;2022
C7499;Europa;Spain;Ropa;Offline;Alta;749981534;5057;109;36;552629;181243;2018
C2020;Europa;Sweden;Cereales;Online;Critica;202073180;6799;206;117;1398554;796231;2018
C9491;Africa;Ethiopia;Domestico;Offline;Baja;949191987;5857;668;503;3914057;2943377;2023
C6820;Asia;Turkmenistan;Cuidado_personal;Offline;Baja;682011783;1297;82;57;106004;73501;2022
C3115;Europa;Malta;Ropa;Online;Baja;311518895;4219;109;36;461052;151209;2021
C8190;Africa;Malawi;Cosmeticos;Offline;Baja;819012153;2751;437;263;1202737;724421;2019
C1061;Europa;Czech_Republic;Material_de_oficina;Offline;Critica;106102883;7056;651;525;4594938;3704118;2022
C6447;Europa;Netherlands;Carnicos;Offline;Media;644714915;4325;422;365;1824674;1577284;2021
C9270;Europa;Sweden;Bebida;Offline;Baja;927084577;3783;47;32;179503;120262;2019
C4157;Africa;Saudi_Arabia;Verduras;Online;Critica;415760695;1684;154;91;259437;153126;2022
C8936;Africa;Turkey;Cereales;Online;Media;893604600;6314;206;117;1298790;739433;2019
C6137;Centroamerica_y_Caribe;Dominican_Republic;Ropa;Offline;Baja;613790118;2991;109;36;326856;107197;2020
C1498;Asia;Uzbekistan;Cuidado_personal;Offline;Alta;149803578;9063;82;57;740719;513600;2017
C1454;Africa;Kuwait;Snacks;Offline;Media;145443809;8910;153;97;1359488;868190;2017
C8648;Australia_y_Oceania;Federated_States_of_Micronesia;Ropa;Offline;Critica;864822137;8943;109;36;977291;320517;2018
C8423;Australia_y_Oceania;Samoa;Material_de_oficina;Online;Alta;842362391;2606;651;525;1697053;1368046;2018
C9328;Africa;Eritrea;Snacks;Online;Baja;932800900;5370;153;97;819355;523253;2021
C2611;Asia;Singapore;Alimento_infantil;Online;Alta;261186492;9742;255;159;2486938;1553070;2020
C2728;Africa;Mauritania;Domestico;Offline;Media;272880494;257;668;503;171745;129153;2023
C6835;Asia;Bhutan;Ropa;Online;Alta;683556735;8483;109;36;927022;304031;2023
C8292;Africa;Republic_of_the_Congo;Bebida;Online;Baja;829201543;8018;47;32;380454;254892;2018
C1161;Europa;Germany;Bebida;Online;Media;116113746;9493;47;32;450443;301782;2018
C2709;Africa;Tunisia_;Cereales;Offline;Media;270904672;5567;206;117;1145132;651951;2019
C3904;Asia;Myanmar;Cereales;Offline;Media;390498149;5935;206;117;1220830;695048;2019
C9921;Europa;Romania;Cosmeticos;Offline;Media;992130506;2319;437;263;1013867;610662;2020
C8633;Europa;Greece;Snacks;Offline;Critica;863350570;3474;153;97;530063;338507;2020
C2120;Africa;Benin;Cosmeticos;Offline;Baja;212019670;187;437;263;81756;49243;2020
C2163;Centroamerica_y_Caribe;Jamaica;Material_de_oficina;Online;Critica;216311633;274;651;525;178432;143839;2019
C7747;Europa;Liechtenstein;Domestico;Online;Alta;774712789;3585;668;503;2395748;1801606;2017
C9560;Norteamerica;Greenland;Alimento_infantil;Online;Critica;956021964;6999;255;159;1786705;1115781;2023
C3493;Europa;Romania;Cosmeticos;Online;Alta;349350488;9428;437;263;4121922;2482675;2018
C4141;Asia;China;Cosmeticos;Online;Alta;414122188;6813;437;263;2978644;1794067;2020
C4300;Australia_y_Oceania;East_Timor;Domestico;Offline;Baja;430073392;7129;668;503;4764097;3582608;2018
C6472;Europa;Albania;Cuidado_personal;Online;Media;647252929;5380;82;57;439707;304885;2023
C9360;Asia;Laos;Frutas;Offline;Alta;936022126;8602;9;7;80257;59526;2020
C3370;Africa;Central_African_Republic;Material_de_oficina;Offline;Baja;337054812;864;651;525;562645;453565;2021
C2113;Europa;Netherlands;Carnicos;Offline;Critica;211337316;8263;422;365;3486077;3013433;2018
C1901;Australia_y_Oceania;Solomon_Islands;Snacks;Offline;Media;190168464;3929;153;97;599487;382842;2021
C4251;Africa;Seychelles_;Ropa;Offline;Media;425159585;3024;109;36;330463;108380;2020
C2382;Asia;Kazakhstan;Carnicos;Online;Baja;238234508;7740;422;365;3265429;2822701;2021
C3716;Europa;Hungary;Cosmeticos;Offline;Alta;371629559;2300;437;263;1005560;605659;2021
C7378;Asia;Laos;Alimento_infantil;Offline;Baja;737893569;7960;255;159;2032029;1268983;2017
C8698;Africa;Yemen;Ropa;Online;Critica;869887864;8005;109;36;874786;286899;2023
C3707;Europa;Russia;Cuidado_personal;Offline;Alta;370786273;2753;82;57;225003;156013;2020
C2640;Asia;Philippines;Cereales;Offline;Alta;264075124;4552;206;117;936346;533085;2018
C7435;Australia_y_Oceania;Marshall_Islands;Frutas;Online;Baja;743553245;2783;9;7;25965;19258;2023
C7233;Africa;Burkina_Faso;Cuidado_personal;Online;Critica;723331964;8857;82;57;723883;501926;2021
C9878;Europa;Kosovo;Snacks;Offline;Media;987835109;1215;153;97;185385;118390;2022
C1417;Asia;North_Korea;Material_de_oficina;Offline;Alta;141799008;333;651;525;216853;174812;2018
C4602;Asia;Bhutan;Snacks;Online;Alta;460272490;3713;153;97;566530;361795;2020
C2386;Europa;Switzerland;Material_de_oficina;Offline;Media;238616883;893;651;525;581531;468789;2018
C5425;Africa;Libya;Cuidado_personal;Offline;Alta;542506015;8440;82;57;689801;478295;2018
C2579;Centroamerica_y_Caribe;Honduras;Verduras;Online;Alta;257926213;4953;154;91;763059;450376;2022
C1411;Africa;Benin;Alimento_infantil;Online;Media;141176307;6061;255;159;1547252;966245;2023
C5688;Africa;Egypt;Carnicos;Online;Media;568867623;9426;422;365;3976735;3437568;2022
C1879;Europa;Cyprus;Bebida;Online;Media;187923991;9740;47;32;462163;309635;2020
C8655;Africa;Morocco;Cereales;Online;Alta;865581738;3726;206;117;766438;436352;2023
C9393;Europa;Estonia;Bebida;Offline;Alta;939389693;5140;47;32;243893;163401;2020
C1672;Asia;South_Korea;Alimento_infantil;Online;Critica;167209184;9768;255;159;2493575;1557215;2019
C1772;Asia;Vietnam;Cosmeticos;Online;Media;177214038;427;437;263;186684;112442;2017
C4178;Africa;Syria;Snacks;Offline;Alta;417890584;1965;153;97;299820;191470;2019
C4080;Europa;Luxembourg;Ropa;Online;Baja;408037650;6263;109;36;684421;224466;2023
C1867;Centroamerica_y_Caribe;Cuba;Cosmeticos;Online;Alta;186766564;7232;437;263;3161830;1904403;2017
C7635;Asia;Maldives;Carnicos;Offline;Alta;763501155;5813;422;365;2452447;2119943;2022
C9679;Asia;Taiwan;Bebida;Online;Media;967977750;4982;47;32;236396;158378;2022
C6002;Europa;Bosnia_and_Herzegovina;Snacks;Offline;Critica;600245177;4742;153;97;723534;462060;2020
C8806;Africa;Afghanistan;Cosmeticos;Offline;Baja;880664765;7129;437;263;3116799;1877280;2018
C3999;Norteamerica;Canada;Cereales;Online;Media;399910342;1212;206;117;249308;141937;2023
C9689;Africa;Qatar;Carnicos;Offline;Media;968968236;8088;422;365;3412246;2949613;2017
C8691;Europa;Malta;Verduras;Offline;Baja;869137275;5889;154;91;907259;535487;2022
C7020;Africa;Bahrain;Verduras;Online;Critica;702028787;4773;154;91;735328;434009;2022
C2395;Africa;Zambia;Frutas;Offline;Baja;239566600;1935;9;7;18054;13390;2018
C6739;Asia;Bangladesh;Ropa;Online;Critica;673987042;6598;109;36;721029;236472;2021
C5678;Africa;Egypt;Carnicos;Offline;Media;567838943;5017;422;365;2116622;1829650;2019
C8039;Asia;Japan;Ropa;Online;Critica;803983628;5477;109;36;598527;196296;2019
C5355;Centroamerica_y_Caribe;Jamaica;Cosmeticos;Offline;Media;535594928;3296;437;263;1441011;867936;2017
C3361;Africa;Namibia;Alimento_infantil;Online;Media;336159169;5823;255;159;1486495;928303;2022
C8494;Australia_y_Oceania;Federated_States_of_Micronesia;Carnicos;Offline;Critica;849475181;7438;422;365;3138018;2712564;2018
C5396;Africa;Iran;Ropa;Offline;Media;539654290;4552;109;36;497443;163144;2017
C6411;Asia;Malaysia;Cereales;Online;Alta;641120326;606;206;117;124654;70969;2021
C2086;Asia;Tajikistan;Verduras;Offline;Critica;208609616;1076;154;91;165769;97841;2018
C1671;Africa;Iran;Carnicos;Offline;Alta;167170989;8465;422;365;3571299;3087101;2020
C1621;Australia_y_Oceania;Samoa;Carnicos;Online;Critica;162165772;7311;422;365;3084438;2666249;2021
C8092;Africa;Botswana;Cosmeticos;Online;Critica;809267795;9179;437;263;4013059;2417106;2017
C5444;Europa;Austria;Alimento_infantil;Online;Critica;544463384;7669;255;159;1957742;1222592;2017
C5740;Africa;Syria;Bebida;Online;Alta;574051368;3411;47;32;161852;108436;2017
C8246;Africa;Senegal;Frutas;Online;Critica;824643075;9066;9;7;84586;62737;2021
C3931;Africa;Mauritius_;Cuidado_personal;Offline;Media;393162333;4326;82;57;353564;245154;2021
C6968;Africa;Cote_d'Ivoire;Frutas;Online;Alta;696845471;915;9;7;8537;6332;2022
C5232;Centroamerica_y_Caribe;Belize;Ropa;Offline;Alta;523241317;7588;109;36;829217;271954;2022
C9802;Africa;Morocco;Cereales;Offline;Baja;980211198;5131;206;117;1055447;600891;2021
C5459;Australia_y_Oceania;Australia;Domestico;Online;Baja;545928943;1361;668;503;909515;683957;2019
C9188;Africa;Senegal;Verduras;Online;Baja;918880879;6127;154;91;943926;557128;2022
C2678;Centroamerica_y_Caribe;Antigua_and_Barbuda;Verduras;Offline;Alta;267865836;6308;154;91;971810;573586;2019
C8819;Europa;Poland;Material_de_oficina;Online;Alta;881995141;817;651;525;532039;428892;2022
C6206;Europa;Kosovo;Cuidado_personal;Online;Critica;620692622;5595;82;57;457279;317069;2019
C5636;Asia;Malaysia;Carnicos;Online;Media;563694608;8616;422;365;3635004;3142169;2018
C9610;Centroamerica_y_Caribe;Guatemala;Bebida;Online;Alta;961049926;4885;47;32;231793;155294;2022
C7831;Australia_y_Oceania;Vanuatu;Material_de_oficina;Online;Baja;783119904;1437;651;525;935789;754368;2017
C8705;Centroamerica_y_Caribe;Nicaragua;Cuidado_personal;Online;Alta;870578372;2341;82;57;191330;132664;2017
C7844;Africa;Lesotho;Snacks;Offline;Media;784411656;3695;153;97;563783;360041;2022
C1559;Asia;Turkmenistan;Domestico;Offline;Critica;155918586;8629;668;503;5766502;4336418;2019
C9367;Africa;Saudi_Arabia;Cosmeticos;Offline;Critica;936710488;2304;437;263;1007309;606712;2023
C6487;Asia;Japan;Snacks;Online;Media;648711192;6912;153;97;1054633;673505;2021
C9341;Europa;Latvia;Domestico;Online;Critica;934157025;6678;668;503;4462707;3355962;2022
C8055;Norteamerica;Greenland;Ropa;Online;Critica;805596816;2855;109;36;311994;102323;2021
C6958;Centroamerica_y_Caribe;Costa_Rica;Cereales;Online;Alta;695891892;8730;206;117;1795761;1022370;2017
C2082;Asia;Japan;Cuidado_personal;Offline;Baja;208216083;4621;82;57;377674;261872;2020
C3660;Europa;Cyprus;Cereales;Offline;Critica;366055715;2875;206;117;591388;336691;2017
C4632;Africa;Pakistan;Carnicos;Online;Baja;463209617;2874;422;365;1212512;1048119;2017
C3137;Europa;Monaco;Cosmeticos;Online;Media;313789117;6028;437;263;2635442;1587353;2017
C7022;Asia;China;Cereales;Offline;Critica;702218043;779;206;117;160240;91229;2021
C2332;Australia_y_Oceania;New_Zealand;Carnicos;Online;Alta;233232724;7601;422;365;3206786;2772009;2020
C2818;Centroamerica_y_Caribe;Guatemala;Alimento_infantil;Offline;Baja;281881988;3999;255;159;1020865;637521;2020
C9435;Africa;Libya;Snacks;Online;Media;943527162;9509;153;97;1450883;926557;2017
C5838;Europa;Liechtenstein;Carnicos;Offline;Media;583842074;699;422;365;294901;254918;2021
C7888;Africa;Democratic_Republic_of_the_Congo;Alimento_infantil;Online;Alta;788813054;6167;255;159;1574312;983143;2019
C5147;Asia;Mongolia;Cuidado_personal;Online;Critica;514738929;1543;82;57;126109;87442;2019
C1382;Europa;Bosnia_and_Herzegovina;Frutas;Offline;Media;138231027;4487;9;7;41864;31050;2020
C1062;Centroamerica_y_Caribe;Cuba;Cereales;Online;Critica;106213176;9694;206;117;1994056;1135264;2023
C4859;Asia;Bhutan;Snacks;Offline;Media;485921704;3885;153;97;592773;378554;2023
C5149;Asia;Laos;Material_de_oficina;Online;Alta;514905440;817;651;525;532039;428892;2018
C8510;Asia;Turkmenistan;Cuidado_personal;Online;Baja;851025712;6275;82;57;512856;355604;2017
C4224;Australia_y_Oceania;Papua_New_Guinea;Alimento_infantil;Offline;Baja;422456347;3076;255;159;785241;490376;2022
C4776;Africa;Qatar;Cosmeticos;Offline;Alta;477683675;6069;437;263;2653367;1598150;2019
C5355;Australia_y_Oceania;Palau;Ropa;Online;Baja;535506522;7135;109;36;779713;255718;2017
C6350;Asia;Philippines;Cereales;Online;Baja;635036218;184;206;117;37849;21548;2023
C8856;Australia_y_Oceania;Papua_New_Guinea;Carnicos;Offline;Baja;885696589;6158;422;365;2597999;2245761;2021
C1172;Africa;Liberia;Verduras;Offline;Baja;117223966;8031;154;91;1237256;730259;2019
C8296;Africa;Iran;Ropa;Offline;Alta;829667174;5809;109;36;634808;208195;2020
C6433;Centroamerica_y_Caribe;Guatemala;Bebida;Offline;Critica;643387544;1527;47;32;72456;48543;2022
C8490;Australia_y_Oceania;Tuvalu;Snacks;Offline;Baja;849058902;4252;153;97;648770;414315;2017
C5576;Asia;Philippines;Material_de_oficina;Offline;Baja;557667577;5083;651;525;3310100;2668372;2018
C7505;Asia;Singapore;Ropa;Offline;Critica;750512397;2151;109;36;235061;77092;2022
C2292;Asia;Laos;Verduras;Online;Media;229204690;5616;154;91;865201;510663;2021
C5656;Europa;Montenegro;Frutas;Offline;Alta;565668284;2671;9;7;24920;18483;2023
C2521;Centroamerica_y_Caribe;Barbados;Snacks;Offline;Media;252139508;2538;153;97;387248;247303;2017
C5511;Africa;Egypt;Snacks;Offline;Alta;551167190;1474;153;97;224903;143627;2019
C5456;Africa;Sudan;Domestico;Offline;Critica;545612657;7765;668;503;5189117;3902223;2017
C2886;Africa;Democratic_Republic_of_the_Congo;Snacks;Offline;Baja;288649737;6727;153;97;1026406;655479;2023
C3537;Centroamerica_y_Caribe;Cuba;Cuidado_personal;Online;Baja;353764760;5709;82;57;466597;323529;2017
C4847;Africa;Ghana;Frutas;Offline;Media;484756553;9091;9;7;84819;62910;2023
C9457;Europa;Poland;Bebida;Online;Media;945736443;3285;47;32;155873;104430;2019
C2711;Africa;Saudi_Arabia;Bebida;Offline;Baja;271128261;1732;47;32;82183;55060;2017
C2156;Centroamerica_y_Caribe;Barbados;Alimento_infantil;Offline;Baja;215668332;9907;255;159;2529059;1579374;2017
C8044;Europa;Bosnia_and_Herzegovina;Frutas;Online;Alta;804405486;314;9;7;2930;2173;2019
C7827;Africa;Lebanon;Carnicos;Online;Media;782701051;7489;422;365;3159534;2731163;2017
C7662;Europa;Latvia;Domestico;Offline;Critica;766228854;3000;668;503;2004810;1507620;2019
C9909;Australia_y_Oceania;Australia;Frutas;Online;Media;990975224;445;9;7;4152;3079;2023
C8632;Africa;Jordan;Cereales;Online;Media;863238990;455;206;117;93594;53285;2017
C3096;Europa;United_Kingdom;Cuidado_personal;Offline;Media;309631478;5690;82;57;465044;322452;2019
C2270;Centroamerica_y_Caribe;Haiti;Verduras;Offline;Baja;227076518;5843;154;91;900173;531304;2023
C2328;Asia;South_Korea;Cuidado_personal;Online;Critica;232810437;2637;82;57;215522;149439;2019
C9143;Africa;Niger;Bebida;Online;Critica;914382064;4827;47;32;229041;153450;2021
C6796;Africa;Mozambique;Verduras;Online;Critica;679652726;3200;154;91;492992;290976;2020
C7067;Europa;Armenia;Cereales;Online;Baja;706796252;5572;206;117;1146160;652537;2021
C8942;Europa;Iceland;Frutas;Online;Media;894298970;1793;9;7;16729;12408;2020
C3109;Centroamerica_y_Caribe;Panama;Bebida;Online;Baja;310959708;8743;47;32;414855;277940;2017
C3458;Europa;Switzerland;Bebida;Offline;Baja;345889794;5331;47;32;252956;169472;2019
C6585;Africa;Mauritius;Frutas;Online;Alta;658513057;7502;9;7;69994;51914;2022
C5285;Europa;Andorra;Material_de_oficina;Online;Media;528565824;3228;651;525;2102106;1694571;2017
C2060;Asia;Bangladesh;Material_de_oficina;Online;Alta;206096923;7514;651;525;4893192;3944549;2018
C4614;Australia_y_Oceania;Tonga;Ropa;Online;Baja;461467683;7397;109;36;808344;265108;2021
C3353;Centroamerica_y_Caribe;Jamaica;Bebida;Online;Alta;335351932;6944;47;32;329493;220750;2017
C2887;Africa;Israel;Verduras;Online;Media;288735997;2253;154;91;347097;204865;2018
C8529;Europa;France;Cuidado_personal;Offline;Critica;852918708;6454;82;57;527485;365748;2022
C3795;Africa;Benin;Snacks;Offline;Critica;379511392;4709;153;97;718499;458845;2022
C8904;Asia;Philippines;Verduras;Offline;Media;890437877;9210;154;91;1418893;837465;2021
C4279;Europa;Slovakia;Frutas;Offline;Alta;427934491;4180;9;7;38999;28926;2022
C7045;Asia;Laos;Domestico;Offline;Alta;704550063;875;668;503;584736;439723;2019
C3531;Australia_y_Oceania;Nauru;Carnicos;Online;Critica;353145921;2580;422;365;1088476;940900;2017
C7768;Africa;Benin;Snacks;Online;Media;776895892;9614;153;97;1466904;936788;2017
C2992;Centroamerica_y_Caribe;Guatemala;Verduras;Online;Critica;299286305;4323;154;91;666001;393090;2023
C9141;Centroamerica_y_Caribe;Belize;Snacks;Online;Alta;914115989;6090;153;97;929212;593410;2018
C6354;Africa;Tunisia_;Alimento_infantil;Offline;Critica;635496270;6323;255;159;1614135;1008013;2019
C2478;Africa;Republic_of_the_Congo;Carnicos;Offline;Alta;247850978;3467;422;365;1462693;1264380;2021
C1559;Australia_y_Oceania;Kiribati;Ropa;Offline;Baja;155916440;7994;109;36;873584;286505;2018
C8347;Europa;Albania;Verduras;Offline;Baja;834741485;7410;154;91;1141585;673791;2022
C5796;Australia_y_Oceania;Palau;Carnicos;Online;Baja;579687440;1250;422;365;527363;455863;2018
C4564;Africa;Angola;Cuidado_personal;Online;Alta;456428134;6083;82;57;497164;344724;2020
C2509;Africa;Swaziland;Snacks;Offline;Media;250949895;505;153;97;77053;49207;2023
C7195;Centroamerica_y_Caribe;Barbados;Verduras;Online;Baja;719551551;149;154;91;22955;13549;2019
C4388;Europa;Sweden;Cosmeticos;Online;Critica;438844430;2674;437;263;1169073;704144;2019
C7557;Africa;Zambia;Verduras;Online;Critica;755752360;2773;154;91;427208;252149;2020
C8375;Africa;Sierra_Leone;Ropa;Online;Critica;837511670;7169;109;36;783428;256937;2018
C8216;Africa;Sierra_Leone;Cosmeticos;Offline;Media;821671187;9619;437;263;4205427;2532971;2017
C4660;Europa;Andorra;Verduras;Online;Media;466092240;5906;154;91;909878;537033;2022
C4989;Africa;Seychelles_;Alimento_infantil;Offline;Media;498948657;8850;255;159;2259228;1410867;2017
C3687;Europa;Andorra;Domestico;Online;Baja;368726766;3299;668;503;2204623;1657879;2021
C4942;Centroamerica_y_Caribe;Costa_Rica;Bebida;Offline;Baja;494225394;1132;47;32;53713;35986;2019
C9145;Africa;Burundi;Cosmeticos;Offline;Baja;914555871;6261;437;263;2737309;1648709;2018
C8391;Australia_y_Oceania;Fiji;Ropa;Online;Media;839142024;9627;109;36;1052039;345032;2017
C8977;Norteamerica;Canada;Bebida;Online;Media;897720181;4206;47;32;199575;133709;2019
C8903;Asia;Philippines;Bebida;Offline;Critica;890339171;1;47;32;47;32;2019
C2373;Asia;Turkmenistan;Snacks;Offline;Baja;237360322;9049;153;97;1380696;881735;2023
C2294;Europa;Ukraine;Ropa;Online;Alta;229457461;417;109;36;45570;14945;2018
C8776;Asia;Indonesia;Cuidado_personal;Online;Media;877616918;5203;82;57;425241;294854;2023
C4631;Africa;Sao_Tome_and_Principe;Verduras;Offline;Baja;463137519;1539;154;91;237098;139941;2021
C4876;Asia;Indonesia;Cuidado_personal;Online;Critica;487630593;9584;82;57;783300;543125;2023
C7230;Asia;India;Verduras;Online;Critica;723019969;6531;154;91;1006166;593864;2021
C5615;Africa;Israel;Alimento_infantil;Online;Media;561541974;1604;255;159;409469;255710;2018
C3657;Africa;Qatar;Verduras;Online;Alta;365745437;1057;154;91;162841;96113;2022
C1184;Africa;Liberia;Domestico;Offline;Alta;118491685;3178;668;503;2123762;1597072;2022
C7729;Africa;South_Sudan;Domestico;Online;Alta;772954547;3282;668;503;2193262;1649336;2018
C2026;Europa;Latvia;Verduras;Online;Media;202620351;8719;154;91;1343249;792819;2021
C8512;Centroamerica_y_Caribe;Saint_Lucia;Frutas;Offline;Baja;851287925;3869;9;7;36098;26773;2020
C2830;Africa;Mali;Verduras;Offline;Critica;283068597;5143;154;91;792331;467653;2018
C6323;Europa;Portugal;Bebida;Offline;Media;632386195;5983;47;32;283893;190200;2019
C9539;Asia;Malaysia;Snacks;Online;Critica;953977048;1863;153;97;284257;181531;2018
C3728;Europa;Spain;Cosmeticos;Online;Baja;372889983;5287;437;263;2311476;1392226;2020
C3344;Europa;Slovenia;Ropa;Offline;Media;334486329;793;109;36;86659;28421;2019
C5544;Africa;Jordan;Verduras;Offline;Media;554439914;9946;154;91;1532281;904390;2020
C3687;Centroamerica_y_Caribe;Honduras;Domestico;Online;Media;368737065;6347;668;503;4241510;3189621;2023
C9836;Africa;Lebanon;Material_de_oficina;Online;Baja;983676612;624;651;525;406355;327575;2023
C5258;Africa;Tunisia_;Cereales;Online;Media;525869882;5439;206;117;1118802;636961;2022
C7922;Europa;Romania;Frutas;Offline;Alta;792240703;484;9;7;4516;3349;2022
C5000;Europa;Netherlands;Cereales;Offline;Alta;500025403;7483;206;117;1539253;876334;2017
C2367;Africa;Azerbaijan;Frutas;Online;Baja;236772811;5191;9;7;48432;35922;2019
C2103;Europa;Slovenia;Domestico;Online;Media;210344254;4394;668;503;2936378;2208161;2020
C6989;Africa;Chad;Ropa;Online;Critica;698913562;2909;109;36;317896;104259;2021
C7009;Australia_y_Oceania;Nauru;Verduras;Online;Media;700967061;585;154;91;90125;53194;2022
C1853;Africa;Kenya;Ropa;Offline;Baja;185303580;4302;109;36;470123;154184;2022
C5410;Centroamerica_y_Caribe;Jamaica;Cuidado_personal;Online;Alta;541034448;2971;82;57;242820;168367;2020
C5275;Europa;Bosnia_and_Herzegovina;Alimento_infantil;Offline;Baja;527583491;2534;255;159;646880;403970;2019
C3246;Centroamerica_y_Caribe;Antigua_and_Barbuda_;Cuidado_personal;Offline;Critica;324687039;965;82;57;78869;54687;2017
C1823;Europa;Romania;Cosmeticos;Online;Media;182393920;3269;437;263;1429207;860826;2020
C8710;Asia;Kazakhstan;Frutas;Offline;Critica;871065461;6482;9;7;60477;44855;2023
C5313;Africa;Burkina_Faso;Material_de_oficina;Offline;Alta;531375491;4671;651;525;3041802;2452088;2023
C5243;Centroamerica_y_Caribe;Saint_Lucia;Cereales;Offline;Baja;524310338;3935;206;117;809430;460828;2022
C4811;Centroamerica_y_Caribe;Jamaica;Snacks;Offline;Alta;481168830;7404;153;97;1129702;721446;2021
C5535;Africa;Bahrain;Domestico;Online;Media;553562295;239;668;503;159717;120107;2023
C9634;Africa;Pakistan;Cereales;Offline;Critica;963414561;4633;206;117;953008;542571;2020
C6529;Centroamerica_y_Caribe;Saint_Lucia;Cereales;Online;Baja;652961957;4808;206;117;989006;563065;2017
C4347;Africa;Angola;Snacks;Online;Critica;434753310;2021;153;97;308364;196926;2021
C7416;Europa;Kosovo;Cosmeticos;Online;Baja;741649949;9556;437;263;4177883;2516381;2021
C2768;Europa;Georgia;Frutas;Offline;Baja;276825702;7732;9;7;72140;53505;2018
C9637;Australia_y_Oceania;Nauru;Domestico;Online;Media;963766896;8896;668;503;5944930;4470596;2022
C2962;Australia_y_Oceania;Solomon_Islands;Material_de_oficina;Online;Baja;296272361;2430;651;525;1582440;1275653;2022
C7884;Asia;Thailand;Alimento_infantil;Offline;Critica;788453423;9744;255;159;2487448;1553388;2022
C5247;Europa;Russia;Cereales;Offline;Media;524733912;9280;206;117;1908896;1086781;2021
C8098;Australia_y_Oceania;Samoa;Frutas;Online;Media;809850156;1513;9;7;14116;10470;2022
C3188;Australia_y_Oceania;Vanuatu;Snacks;Offline;Baja;318850982;3946;153;97;602081;384498;2023
C9470;Africa;Lesotho;Frutas;Offline;Alta;947097718;6116;9;7;57062;42323;2017
C1602;Australia_y_Oceania;Solomon_Islands;Bebida;Online;Alta;160264194;4591;47;32;217843;145948;2018
C4443;Asia;Taiwan;Snacks;Offline;Critica;444336736;7969;153;97;1215910;776499;2019
C7556;Asia;Singapore;Verduras;Online;Baja;755614173;1880;154;91;289633;170948;2020
C5707;Africa;Ghana;Verduras;Offline;Media;570707833;3985;154;91;613929;362356;2017
C3365;Europa;Belarus;Bebida;Offline;Alta;336541545;8977;47;32;425959;285379;2023
C1203;Africa;Lesotho;Snacks;Offline;Critica;120351636;3578;153;97;545931;348640;2017
C9596;Africa;Democratic_Republic_of_the_Congo;Cereales;Online;Critica;959686934;1545;206;117;317807;180935;2021
C8124;Europa;San_Marino;Frutas;Online;Baja;812408769;8663;9;7;80826;59948;2021
C4066;Africa;Mauritius_;Frutas;Online;Media;406690967;7749;9;7;72298;53623;2017
C9910;Europa;Kosovo;Verduras;Online;Media;991019856;3653;154;91;562781;332167;2023
C2841;Africa;Tunisia_;Verduras;Offline;Alta;284194266;8254;154;91;1271611;750536;2019
C1253;Europa;Czech_Republic;Material_de_oficina;Online;Alta;125325524;5463;651;525;3557560;2867856;2019
C6238;Australia_y_Oceania;Federated_States_of_Micronesia;Cosmeticos;Offline;Baja;623837459;6222;437;263;2720258;1638439;2021
C6094;Europa;Estonia;Domestico;Offline;Media;609466397;3506;668;503;2342955;1761905;2022
C7822;Asia;Nepal;Frutas;Offline;Baja;782261168;7318;9;7;68277;50641;2020
C5625;Africa;Democratic_Republic_of_the_Congo;Bebida;Offline;Media;562583100;9696;47;32;460075;308236;2018
C3411;Asia;Singapore;Snacks;Offline;Alta;341106021;9707;153;97;1481094;945850;2023
C1288;Asia;India;Bebida;Online;Alta;128816258;8448;47;32;400858;268562;2019
C9070;Africa;Angola;Cereales;Offline;Media;907012641;4051;206;117;833291;474413;2017
C5773;Asia;Kyrgyzstan;Alimento_infantil;Online;Critica;577306497;6676;255;159;1704249;1064288;2023
C7116;Africa;Burundi;Domestico;Offline;Critica;711621654;3516;668;503;2349637;1766931;2020
C7021;Africa;South_Africa;Material_de_oficina;Online;Media;702194440;3794;651;525;2470691;1991698;2023
C9115;Europa;Georgia;Cereales;Offline;Baja;911573684;3765;206;117;774461;440919;2019
C4226;Africa;The_Gambia;Bebida;Offline;Baja;422620713;1715;47;32;81377;54520;2022
C1885;Asia;Nepal;Domestico;Online;Critica;188509356;2963;668;503;1980084;1489026;2021
C7827;Europa;Albania;Verduras;Online;Media;782725942;4855;154;91;747961;441465;2017
C1490;Centroamerica_y_Caribe;Dominica;Material_de_oficina;Online;Critica;149069297;1772;651;525;1153944;930229;2023
C3516;Africa;Oman;Bebida;Online;Media;351650750;126;47;32;5979;4006;2017
C8248;Africa;Ethiopia;Cereales;Online;Media;824894130;3359;206;117;690946;393372;2022
C6235;Centroamerica_y_Caribe;Saint_Kitts_and_Nevis_;Bebida;Online;Alta;623535764;6944;47;32;329493;220750;2019
C6726;Africa;The_Gambia;Verduras;Online;Media;672624480;3386;154;91;521647;307889;2017
C6175;Africa;Rwanda;Cosmeticos;Online;Media;617521607;7221;437;263;3157021;1901506;2021
C1739;Asia;Japan;Frutas;Offline;Critica;173900973;17;9;7;159;118;2018
C4777;Europa;Ireland;Verduras;Online;Baja;477748906;5373;154;91;827764;488567;2022
C9353;Europa;Andorra;Alimento_infantil;Offline;Media;935364234;3918;255;159;1000187;624608;2021
C5733;Asia;Kazakhstan;Snacks;Online;Critica;573358285;8313;153;97;1268398;810019;2017
C2886;Europa;Italy;Verduras;Offline;Alta;288654887;8251;154;91;1271149;750263;2023
C5984;Africa;Tanzania;Snacks;Offline;Baja;598490369;5455;153;97;832324;531535;2018
C2904;Centroamerica_y_Caribe;Antigua_and_Barbuda_;Ropa;Offline;Critica;290413558;8680;109;36;948550;311091;2017
C4722;Africa;Qatar;Cosmeticos;Online;Media;472285783;8713;437;263;3809324;2294394;2020
C5222;Africa;Jordan;Carnicos;Offline;Media;522280871;3371;422;365;1422191;1229370;2018
C3388;Centroamerica_y_Caribe;El_Salvador;Domestico;Online;Baja;338885152;2502;668;503;1672012;1257355;2020
C7908;Australia_y_Oceania;Tonga;Domestico;Offline;Baja;790897452;2986;668;503;1995454;1500584;2021
C5674;Africa;Madagascar;Carnicos;Offline;Alta;567429101;3735;422;365;1575759;1362117;2017
C2279;Africa;Seychelles_;Alimento_infantil;Offline;Media;227903926;691;255;159;176398;110159;2023
C8520;Africa;Swaziland;Bebida;Offline;Media;852058255;1827;47;32;86691;58080;2022
C8899;Australia_y_Oceania;Tonga;Cereales;Online;Critica;889940917;2149;206;117;442049;251669;2020
C2119;Africa;Azerbaijan;Bebida;Offline;Media;211913239;8692;47;32;412435;276319;2017
C5586;Africa;Madagascar;Cereales;Offline;Critica;558649051;5523;206;117;1136081;646799;2017
C5911;Africa;Iran;Alimento_infantil;Online;Alta;591134679;8743;255;159;2231913;1393809;2023
C8406;Australia_y_Oceania;New_Zealand;Cosmeticos;Offline;Baja;840668952;1479;437;263;646619;389465;2020
C5588;Africa;Democratic_Republic_of_the_Congo;Domestico;Online;Critica;558863198;8894;668;503;5943593;4469591;2021
C8676;Europa;Lithuania;Alimento_infantil;Offline;Baja;867641246;3180;255;159;811790;506956;2019
C7092;Africa;Seychelles_;Cereales;Online;Baja;709239423;8561;206;117;1760998;1002579;2023
C8962;Europa;Croatia;Cereales;Online;Critica;896206557;6291;206;117;1294059;736739;2021
C9614;Africa;Swaziland;Alimento_infantil;Online;Critica;961403977;9656;255;159;2464984;1539360;2018
C5080;Asia;Singapore;Snacks;Online;Alta;508005511;8975;153;97;1369406;874524;2020
C5594;Europa;Germany;Frutas;Online;Critica;559497487;6595;9;7;61531;45637;2022
C4096;Europa;Norway;Cosmeticos;Online;Baja;409678733;1896;437;263;828931;499274;2017
C7726;Asia;Malaysia;Cosmeticos;Online;Media;772660577;6290;437;263;2749988;1656346;2017
C6328;Europa;Austria;Bebida;Online;Critica;632866847;8219;47;32;389992;261282;2017
C3950;Asia;Malaysia;Snacks;Online;Media;395033872;8156;153;97;1244442;794721;2023
C5342;Africa;Lesotho;Cuidado_personal;Offline;Alta;534210479;3607;82;57;294800;204409;2022
C2457;Africa;Benin;Frutas;Offline;Alta;245757997;4107;9;7;38318;28420;2017
C5953;Europa;Greece;Material_de_oficina;Offline;Baja;595350253;6225;651;525;4053782;3267876;2023
C4689;Europa;Lithuania;Cereales;Offline;Baja;468973577;8558;206;117;1760381;1002227;2023
C6229;Africa;Comoros;Carnicos;Offline;Alta;622926795;6736;422;365;2841851;2456552;2017
C5338;Asia;Myanmar;Domestico;Offline;Media;533821237;8421;668;503;5627502;4231889;2017
C6485;Africa;Ethiopia;Cuidado_personal;Online;Baja;648580729;8306;82;57;678849;470701;2019
C1344;Africa;Guinea;Cereales;Offline;Critica;134441602;3112;206;117;640138;364446;2021
C9289;Centroamerica_y_Caribe;Saint_Lucia;Cosmeticos;Offline;Baja;928952682;6597;437;263;2884208;1737188;2019
C9899;Africa;Eritrea;Material_de_oficina;Offline;Media;989975297;4545;651;525;2959749;2385943;2020
C1456;Africa;Niger;Cuidado_personal;Offline;Baja;145683276;9774;82;57;798829;553893;2020
C5445;Centroamerica_y_Caribe;Barbados;Cosmeticos;Online;Media;544562947;7132;437;263;3118110;1878070;2021
C8054;Australia_y_Oceania;Tonga;Snacks;Offline;Critica;805413138;8501;153;97;1297083;828337;2023
C9673;Asia;Indonesia;Bebida;Offline;Baja;967345178;7789;47;32;369588;247612;2020
C2397;Asia;Indonesia;Ropa;Online;Alta;239782893;5941;109;36;649232;212925;2021
C1524;Africa;Lebanon;Cuidado_personal;Offline;Critica;152462613;5930;82;57;484659;336053;2019
C5054;Africa;Afghanistan;Ropa;Online;Critica;505433166;7760;109;36;848013;278118;2021
C7190;Europa;Hungary;Frutas;Offline;Baja;719055879;3468;9;7;32356;23999;2021
C2840;Africa;Gabon;Cosmeticos;Offline;Media;284004580;2121;437;263;927301;558523;2019
C1112;Asia;Mongolia;Material_de_oficina;Offline;Media;111265599;4818;651;525;3137530;2529257;2020
C2821;Norteamerica;Canada;Alimento_infantil;Offline;Baja;282137763;9689;255;159;2473408;1544620;2023
C4982;Africa;Afghanistan;Domestico;Online;Alta;498232400;6894;668;503;4607053;3464511;2023
C5314;Europa;Liechtenstein;Cereales;Offline;Media;531473338;3626;206;117;745868;424641;2017
C6740;Centroamerica_y_Caribe;Honduras;Alimento_infantil;Online;Critica;674096906;9109;255;159;2325346;1452157;2021
C3886;Norteamerica;Mexico;Alimento_infantil;Online;Alta;388651931;9598;255;159;2450177;1530113;2017
C5579;Africa;Liberia;Material_de_oficina;Online;Media;557999742;3378;651;525;2199787;1773315;2023
C3353;Europa;Ireland;Snacks;Offline;Alta;335314166;5768;153;97;880081;562034;2021
C2940;Africa;Morocco;Carnicos;Offline;Critica;294081532;4115;422;365;1736077;1500699;2020
C1781;Centroamerica_y_Caribe;Dominica;Ropa;Offline;Media;178100669;2801;109;36;306093;100388;2020
C2514;Africa;Cameroon;Domestico;Offline;Media;251482903;8234;668;503;5502535;4137914;2018
C8486;Asia;Nepal;Carnicos;Offline;Baja;848652064;3860;422;365;1628495;1407703;2018
C1243;Europa;Albania;Cereales;Online;Critica;124344480;5150;206;117;1059355;603117;2019
C8036;Asia;Maldives;Cuidado_personal;Online;Baja;803608977;4609;82;57;376694;261192;2021
C7318;Africa;Turkey;Ropa;Offline;Alta;731806886;6775;109;36;740372;242816;2023
C5246;Australia_y_Oceania;New_Zealand;Verduras;Offline;Critica;524612033;3213;154;91;494995;292158;2019
C4180;Africa;Lebanon;Cereales;Offline;Alta;418010747;7524;206;117;1547687;881136;2021
C7183;Europa;Luxembourg;Ropa;Online;Baja;718301856;336;109;36;36718;12042;2021
C4520;Africa;Togo;Ropa;Online;Media;452096688;4311;109;36;471106;154506;2020
C5163;Europa;Hungary;Cuidado_personal;Offline;Alta;516319072;9142;82;57;747176;518077;2022
C5282;Europa;Lithuania;Domestico;Online;Baja;528205335;6551;668;503;4377837;3292140;2020
C1753;Asia;Bangladesh;Material_de_oficina;Offline;Media;175304305;5294;651;525;3447506;2779138;2022
C5654;Asia;China;Bebida;Online;Baja;565477311;6157;47;32;292150;195731;2022
C1768;Africa;Equatorial_Guinea;Carnicos;Offline;Media;176898181;6958;422;365;2935511;2537513;2023
C7080;Europa;Belgium;Cereales;Offline;Media;708053243;7544;206;117;1551801;883478;2018
C3277;Africa;Turkey;Snacks;Online;Alta;327741324;4796;153;97;731774;467322;2021
C4250;Asia;Indonesia;Cuidado_personal;Offline;Media;425073754;7625;82;57;623191;432109;2018
C6594;Europa;Russia;Frutas;Online;Baja;659474360;1973;9;7;18408;13653;2021
C3106;Europa;Armenia;Carnicos;Online;Media;310679471;5814;422;365;2452868;2120308;2019
C5287;Centroamerica_y_Caribe;Belize;Cosmeticos;Online;Critica;528737914;4153;437;263;1815692;1093609;2020
C2840;Europa;Finland;Snacks;Offline;Alta;284011018;4026;153;97;614287;392293;2023
C4171;Australia_y_Oceania;Samoa;Alimento_infantil;Offline;Baja;417172610;9501;255;159;2425415;1514649;2021
C4892;Africa;The_Gambia;Cosmeticos;Offline;Critica;489209020;6675;437;263;2918310;1757728;2020
C1314;Europa;Greece;Domestico;Online;Baja;131419074;8679;668;503;5799915;4361545;2018
C3954;Europa;Finland;Bebida;Online;Critica;395414102;674;47;32;31981;21426;2022
C6031;Centroamerica_y_Caribe;Trinidad_and_Tobago;Cereales;Offline;Baja;603117930;4853;206;117;998262;568335;2023
C5967;Asia;Vietnam;Frutas;Online;Baja;596766889;5439;9;7;50746;37638;2017
C2889;Asia;Indonesia;Cuidado_personal;Offline;Media;288909804;3686;82;57;301257;208886;2019
C1124;Europa;Norway;Cereales;Online;Media;112408006;2882;206;117;592827;337511;2023
C5704;Africa;Zimbabwe;Cuidado_personal;Offline;Critica;570435321;3343;82;57;273223;189448;2019
C8864;Africa;Namibia;Alimento_infantil;Online;Critica;886478078;7418;255;159;1893667;1182578;2020
C3543;Australia_y_Oceania;Tonga;Cereales;Online;Alta;354335105;4487;206;117;922976;525473;2018
C5881;Asia;Malaysia;Carnicos;Online;Critica;588117730;5960;422;365;2514464;2173552;2019
C5722;Africa;Egypt;Bebida;Online;Critica;572249782;282;47;32;13381;8965;2017
C7114;Africa;Saudi_Arabia;Domestico;Offline;Baja;711467587;7924;668;503;5295371;3982127;2020
C5808;Centroamerica_y_Caribe;Panama;Material_de_oficina;Online;Critica;580819976;6393;651;525;4163186;3356069;2020
C2756;Centroamerica_y_Caribe;Haiti;Material_de_oficina;Online;Media;275668275;5223;651;525;3401270;2741866;2023
C8616;Africa;Mauritania;Cereales;Offline;Alta;861686313;983;206;117;202203;115119;2020
C3248;Africa;The_Gambia;Carnicos;Offline;Critica;324860417;2271;422;365;958112;828211;2018
C3214;Europa;Ireland;Snacks;Offline;Critica;321489417;4718;153;97;719872;459722;2018
C3281;Europa;San_Marino;Cosmeticos;Online;Baja;328184640;5983;437;263;2615768;1575503;2019
C7918;Africa;United_Arab_Emirates;Material_de_oficina;Offline;Baja;791869914;760;651;525;494920;398970;2022
C8797;Africa;Mauritania;Cuidado_personal;Online;Media;879781568;5771;82;57;471664;327043;2023
C7294;Centroamerica_y_Caribe;Nicaragua;Carnicos;Offline;Critica;729468429;4773;422;365;2013681;1740665;2023
C9987;Asia;Malaysia;Ropa;Offline;Alta;998791825;3551;109;36;388053;127268;2019
C6159;Africa;Zambia;Cosmeticos;Online;Alta;615925586;4923;437;263;2152336;1296374;2019
C8293;Africa;Malawi;Frutas;Online;Baja;829356038;3737;9;7;34866;25860;2021
C2578;Africa;Lesotho;Cuidado_personal;Offline;Alta;257882010;1872;82;57;152999;106086;2018
C7406;Africa;Malawi;Carnicos;Offline;Baja;740614831;3241;422;365;1367345;1181960;2019
C5869;Africa;Iraq;Carnicos;Offline;Critica;586978328;8786;422;365;3706726;3204166;2017
C4267;Asia;Turkmenistan;Domestico;Offline;Media;426708829;1480;668;503;989040;743759;2019
C9598;Africa;United_Arab_Emirates;Material_de_oficina;Offline;Baja;959855163;1328;651;525;864807;697147;2022
C7067;Asia;Maldives;Domestico;Online;Alta;706778657;366;668;503;244587;183930;2019
C9581;Europa;Romania;Domestico;Online;Critica;958153140;7661;668;503;5119616;3849959;2019
C8249;Africa;Lebanon;Cosmeticos;Offline;Critica;824964940;4313;437;263;1885644;1135742;2018
C3885;Europa;Portugal;Cosmeticos;Online;Alta;388512885;8451;437;263;3694777;2225402;2023
C2504;Europa;Bosnia_and_Herzegovina;Material_de_oficina;Offline;Critica;250408303;236;651;525;153686;123891;2022
C1825;Africa;Iraq;Snacks;Offline;Critica;182575023;6861;153;97;1046851;668536;2019
C4772;Europa;Moldova_;Ropa;Offline;Critica;477249372;7549;109;36;824955;270556;2020
C5969;Africa;Liberia;Cereales;Offline;Alta;596980178;8556;206;117;1759969;1001993;2021
C5246;Africa;Sudan;Alimento_infantil;Online;Baja;524628770;8166;255;159;2084616;1301824;2023
C3133;Africa;Democratic_Republic_of_the_Congo;Cosmeticos;Online;Media;313368976;1698;437;263;742366;447134;2018
C5366;Africa;Morocco;Snacks;Offline;Media;536687123;6501;153;97;991923;633457;2023
C9383;Centroamerica_y_Caribe;Saint_Vincent_and_the_Grenadines;Frutas;Online;Media;938382041;6954;9;7;64881;48122;2022
C8825;Africa;Pakistan;Domestico;Offline;Baja;882565057;9468;668;503;6327180;4758049;2017
C7036;Europa;Sweden;Cereales;Online;Alta;703659999;7485;206;117;1539665;876568;2020
C3564;Australia_y_Oceania;Palau;Cuidado_personal;Online;Critica;356403195;6480;82;57;529610;367222;2021
C7658;Europa;Poland;Cereales;Offline;Critica;765843474;8958;206;117;1842661;1049071;2019
C6773;Africa;Equatorial_Guinea;Carnicos;Online;Critica;677342164;9453;422;365;3988126;3447415;2022
C7065;Australia_y_Oceania;Kiribati;Domestico;Offline;Media;706573092;9535;668;503;6371954;4791719;2023
C1895;Asia;Myanmar;Cereales;Offline;Critica;189522588;2800;206;117;575960;327908;2023
C3324;Centroamerica_y_Caribe;Haiti;Domestico;Online;Critica;332489478;9880;668;503;6602508;4965095;2018
C1620;Africa;Mauritius_;Snacks;Online;Media;162085092;3435;153;97;524112;334706;2018
C5752;Europa;Luxembourg;Cereales;Online;Critica;575233256;3158;206;117;649601;369833;2022
C2891;Australia_y_Oceania;Tonga;Ropa;Offline;Baja;289170300;773;109;36;84473;27704;2021
C7914;Europa;Ukraine;Verduras;Offline;Alta;791445052;5033;154;91;775384;457651;2020
C4899;Africa;Sudan;Snacks;Online;Alta;489918839;6727;153;97;1026406;655479;2019
C5627;Europa;France;Domestico;Online;Baja;562765491;3669;668;503;2451883;1843819;2018
C9084;Asia;Laos;Ropa;Offline;Media;908471333;5711;109;36;624098;204682;2019
C5958;Centroamerica_y_Caribe;Dominica;Cosmeticos;Online;Critica;595835196;9730;437;263;4253956;2562201;2023
C1139;Europa;Estonia;Snacks;Offline;Alta;113968408;4639;153;97;707819;452024;2020
C9222;Africa;Afghanistan;Cuidado_personal;Offline;Critica;922294795;6380;82;57;521437;361555;2017
C5005;Africa;Eritrea;Frutas;Online;Critica;500550687;2926;9;7;27300;20248;2021
C8987;Africa;Oman;Carnicos;Online;Alta;898784911;9283;422;365;3916405;3385417;2019
C1873;Centroamerica_y_Caribe;Cuba;Snacks;Offline;Media;187358796;2486;153;97;379314;242236;2017
C1069;Africa;Oman;Cereales;Offline;Critica;106946170;6603;206;117;1358237;773277;2022
C2185;Europa;Luxembourg;Material_de_oficina;Offline;Alta;218533360;7733;651;525;5035807;4059516;2023
C1534;Africa;Namibia;Material_de_oficina;Offline;Baja;153419196;9004;651;525;5863495;4726740;2022
C9632;Asia;India;Frutas;Online;Alta;963215005;5580;9;7;52061;38614;2018
C1698;Australia_y_Oceania;Palau;Verduras;Offline;Alta;169844615;9651;154;91;1486833;877565;2017
C3155;Europa;Serbia;Cuidado_personal;Online;Alta;315544354;5441;82;57;444693;308341;2018
C4128;Africa;Mauritania;Verduras;Offline;Critica;412863051;4206;154;91;647976;382452;2021
C8946;Asia;Maldives;Frutas;Offline;Alta;894662034;9232;9;7;86135;63885;2018
C4641;Africa;Liberia;Cuidado_personal;Offline;Critica;464115130;836;82;57;68326;47376;2019
C1447;Europa;Greece;Bebida;Online;Media;144708669;1366;47;32;64817;43425;2021
C1302;Centroamerica_y_Caribe;Dominica;Frutas;Offline;Baja;130241477;202;9;7;1885;1398;2021
C2348;Asia;Vietnam;Cereales;Offline;Critica;234824883;8756;206;117;1801109;1025415;2021
C3428;Asia;Sri_Lanka;Cereales;Offline;Alta;342882716;5470;206;117;1125179;640592;2019
C8591;Europa;Portugal;Domestico;Offline;Media;859151303;818;668;503;546645;411078;2023
C4586;Norteamerica;United_States_of_America;Carnicos;Offline;Critica;458679473;2304;422;365;972035;840246;2018
C1368;Centroamerica_y_Caribe;Jamaica;Snacks;Online;Critica;136828553;9464;153;97;1444017;922172;2020
C9592;Europa;Cyprus;Alimento_infantil;Online;Alta;959272372;8867;255;159;2263568;1413577;2023
C9119;Africa;Iran;Cereales;Offline;Media;911997258;9110;206;117;1873927;1066872;2021
C7513;Asia;Sri_Lanka;Verduras;Offline;Critica;751302039;5824;154;91;897245;529576;2019
C8537;Australia_y_Oceania;East_Timor;Snacks;Online;Media;853798043;6669;153;97;1017556;649827;2017
C7664;Africa;Niger;Carnicos;Online;Critica;766409099;6338;422;365;2673939;2311405;2022
C5563;Australia_y_Oceania;Australia;Frutas;Online;Media;556371533;1555;9;7;14508;10761;2022
C3612;Africa;Botswana;Alimento_infantil;Online;Media;361234176;6075;255;159;1550826;968477;2021
C8388;Europa;Portugal;Frutas;Online;Media;838858354;5683;9;7;53022;39326;2023
C9174;Asia;South_Korea;Bebida;Offline;Alta;917417895;3197;47;32;151698;101633;2021
C9453;Asia;Philippines;Carnicos;Offline;Media;945399129;3466;422;365;1462271;1264016;2017
C4416;Centroamerica_y_Caribe;Saint_Vincent_and_the_Grenadines;Carnicos;Offline;Baja;441600883;8369;422;365;3530797;3052091;2019
C3451;Centroamerica_y_Caribe;Panama;Verduras;Online;Critica;345134484;1818;154;91;280081;165311;2018
C7654;Europa;Italy;Carnicos;Offline;Critica;765423762;4756;422;365;2006509;1734466;2022
C5322;Asia;Tajikistan;Alimento_infantil;Offline;Media;532205045;154;255;159;39313;24551;2023
C3455;Europa;Montenegro;Verduras;Online;Media;345527160;8020;154;91;1235561;729259;2020
C5257;Africa;Sao_Tome_and_Principe;Verduras;Online;Critica;525751435;388;154;91;59775;35281;2023
C5635;Africa;Somalia;Verduras;Online;Baja;563551700;6326;154;91;974584;575223;2020
C4699;Europa;Italy;Alimento_infantil;Offline;Baja;469914281;6933;255;159;1769856;1105259;2017
C3261;Europa;Poland;Carnicos;Online;Alta;326138007;339;422;365;143021;123630;2020
C7338;Europa;Ukraine;Material_de_oficina;Offline;Critica;733834207;6704;651;525;4365712;3519332;2023
C5649;Asia;Cambodia;Domestico;Online;Critica;564926707;3221;668;503;2152498;1618681;2018
C1116;Europa;Bosnia_and_Herzegovina;Ropa;Offline;Critica;111651837;9115;109;36;996087;326682;2019
C6365;Asia;Philippines;Verduras;Online;Media;636558425;639;154;91;98444;58104;2018
C3225;Asia;Japan;Snacks;Offline;Alta;322507798;6079;153;97;927534;592338;2021
C1226;Asia;Turkmenistan;Ropa;Offline;Alta;122673785;754;109;36;82397;27023;2017
C6105;Europa;Andorra;Verduras;Offline;Media;610542714;2012;154;91;309969;182951;2018
C6299;Africa;Kenya;Alimento_infantil;Online;Baja;629913413;4232;255;159;1080345;674665;2020
C4448;Africa;Mozambique;Ropa;Online;Alta;444897210;3826;109;36;418105;137124;2022
C3899;Australia_y_Oceania;Solomon_Islands;Snacks;Offline;Alta;389917933;4236;153;97;646329;412756;2018
C4197;Africa;Democratic_Republic_of_the_Congo;Cosmeticos;Online;Alta;419711911;936;437;263;409219;246477;2018
C5593;Africa;Uganda;Ropa;Offline;Baja;559327971;6431;109;36;702780;230487;2018
C4541;Europa;Albania;Material_de_oficina;Online;Alta;454127442;5257;651;525;3423411;2759715;2018
C7197;Australia_y_Oceania;Samoa;Cereales;Online;Critica;719784152;8981;206;117;1847392;1051765;2020
C6922;Asia;Indonesia;Verduras;Online;Alta;692284429;1201;154;91;185026;109207;2022
C6779;Africa;South_Africa;Snacks;Offline;Baja;677927100;2549;153;97;388926;248375;2019
C6033;Africa;Malawi;Cereales;Online;Baja;603323495;5684;206;117;1169199;665653;2023
C4653;Europa;United_Kingdom;Ropa;Online;Baja;465397441;300;109;36;32784;10752;2021
C7813;Centroamerica_y_Caribe;Jamaica;Alimento_infantil;Online;Alta;781385266;8119;255;159;2072618;1294331;2022
C3388;Asia;Nepal;Material_de_oficina;Offline;Media;338835799;7898;651;525;5143257;4146134;2017
C2456;Africa;Mali;Alimento_infantil;Online;Critica;245610368;421;255;159;107473;67116;2019
C7798;Asia;China;Alimento_infantil;Online;Alta;779882800;3506;255;159;895012;558927;2019
C9401;Africa;Togo;Cuidado_personal;Online;Baja;940139424;7002;82;57;572273;396803;2018
C6951;Australia_y_Oceania;Solomon_Islands;Domestico;Offline;Alta;695179069;7790;668;503;5205823;3914787;2018
C5341;Africa;Central_African_Republic;Frutas;Offline;Critica;534113061;4779;9;7;44588;33071;2017
C1163;Africa;Swaziland;Cosmeticos;Online;Baja;116365230;3912;437;263;1710326;1030147;2023
C5216;Africa;United_Arab_Emirates;Cereales;Online;Media;521671903;3164;206;117;650835;370536;2018
C2000;Australia_y_Oceania;Fiji;Bebida;Offline;Baja;200081908;7538;47;32;357678;239633;2019
C8219;Africa;Swaziland;Cosmeticos;Offline;Critica;821956574;4071;437;263;1779841;1072016;2017
C5279;Europa;Vatican_City;Verduras;Offline;Alta;527969729;6830;154;91;1052230;621052;2019
C6791;Asia;Thailand;Bebida;Online;Baja;679107701;1915;47;32;90867;60878;2018
C9066;Europa;Georgia;Verduras;Online;Alta;906669318;2454;154;91;378063;223142;2022
C4622;Africa;Guinea_Bissau;Snacks;Online;Baja;462265908;3610;153;97;550814;351758;2019
C4678;Europa;Estonia;Snacks;Online;Baja;467821300;7573;153;97;1155488;737913;2018
C7655;Africa;Swaziland;Cosmeticos;Offline;Alta;765571820;8569;437;263;3746367;2256475;2021
C3680;Centroamerica_y_Caribe;Trinidad_and_Tobago;Cosmeticos;Online;Critica;368066298;7852;437;263;3432894;2067667;2017
C6081;Africa;Ghana;Domestico;Online;Media;608166062;8707;668;503;5818627;4375616;2019
C1890;Africa;Djibouti;Ropa;Online;Alta;189044940;1454;109;36;158893;52111;2018
C1341;Australia_y_Oceania;New_Zealand;Cereales;Offline;Critica;134189260;8439;206;117;1735902;988291;2018
C6373;Africa;Syria;Cuidado_personal;Offline;Baja;637397849;9043;82;57;739084;512467;2021
C6127;Europa;Albania;Ropa;Online;Alta;612782037;4677;109;36;511103;167624;2017
C8447;Asia;Taiwan;Material_de_oficina;Offline;Critica;844765651;3783;651;525;2463527;1985924;2022
C8380;Africa;Ethiopia;Bebida;Offline;Media;838085019;6836;47;32;324368;217316;2017
C1677;Europa;United_Kingdom;Snacks;Offline;Media;167788970;1340;153;97;204457;130570;2019
C7292;Africa;Cape_Verde;Material_de_oficina;Offline;Baja;729238831;6830;651;525;4447764;3585477;2020
C8881;Africa;Tanzania;Alimento_infantil;Online;Media;888108432;9876;255;159;2521145;1574432;2017
C4303;Centroamerica_y_Caribe;Trinidad_and_Tobago;Snacks;Online;Alta;430384099;9074;153;97;1384511;884171;2020
C1123;Africa;Togo;Cereales;Offline;Alta;112364661;55;206;117;11314;6441;2022
C3106;Europa;Montenegro;Domestico;Online;Alta;310661447;480;668;503;320770;241219;2020
C5721;Europa;Russia;Ropa;Offline;Media;572198283;5042;109;36;550990;180705;2021
C9642;Asia;Nepal;Cereales;Offline;Media;964211499;464;206;117;95445;54339;2020
C7242;Africa;Kenya;Domestico;Online;Alta;724249923;501;668;503;334803;251773;2018
C5101;Africa;Zimbabwe;Alimento_infantil;Online;Critica;510174882;940;255;159;239963;149855;2019
C1501;Africa;Turkey;Bebida;Offline;Alta;150160205;4596;47;32;218080;146107;2020
C8926;Europa;Portugal;Bebida;Online;Media;892692220;6320;47;32;299884;200913;2023
C4565;Centroamerica_y_Caribe;Costa_Rica;Domestico;Online;Media;456569755;7991;668;503;5340146;4015797;2022
C6809;Norteamerica;Canada;Material_de_oficina;Online;Media;680904138;3520;651;525;2292259;1847859;2019
C7751;Centroamerica_y_Caribe;Trinidad_and_Tobago;Domestico;Online;Media;775119197;3850;668;503;2572840;1934779;2018
C4689;Africa;Iran;Carnicos;Online;Baja;468951261;1954;422;365;824373;712604;2020
C4624;Africa;Burundi;Material_de_oficina;Online;Baja;462449157;7837;651;525;5103533;4114112;2020
C1759;Africa;Cameroon;Cosmeticos;Offline;Alta;175974214;3535;437;263;1545502;930872;2018
C9002;Asia;Maldives;Cosmeticos;Offline;Baja;900200259;8116;437;263;3548315;2137186;2017
C8461;Centroamerica_y_Caribe;Nicaragua;Cereales;Offline;Critica;846113622;2678;206;117;550865;313621;2023
C9950;Europa;Ukraine;Alimento_infantil;Offline;Alta;995013129;5351;255;159;1366003;853056;2021
C1485;Africa;Madagascar;Cuidado_personal;Online;Critica;148510110;6297;82;57;514654;356851;2019
C7785;Australia_y_Oceania;Australia;Ropa;Online;Media;778528392;2707;109;36;295821;97019;2017
C4773;Africa;Somalia;Bebida;Online;Media;477304303;3805;47;32;180547;120961;2017
C5073;Europa;San_Marino;Snacks;Offline;Alta;507386672;5846;153;97;891983;569634;2017
C8516;Africa;Turkey;Snacks;Offline;Critica;851636826;7117;153;97;1085912;693480;2021
C6632;Centroamerica_y_Caribe;Grenada;Carnicos;Online;Alta;663228595;2934;422;365;1237825;1070000;2018
C5156;Europa;Lithuania;Cereales;Offline;Baja;515648305;647;206;117;133088;75770;2023
C1526;Australia_y_Oceania;Papua_New_Guinea;Bebida;Online;Alta;152694785;4635;47;32;219931;147347;2019
C7384;Europa;Serbia;Cereales;Online;Alta;738479363;1309;206;117;269261;153297;2020
C8074;Europa;Ukraine;Snacks;Offline;Media;807425868;4112;153;97;627409;400673;2019
C3142;Norteamerica;Greenland;Bebida;Offline;Critica;314270627;8517;47;32;404132;270755;2021
C1840;Europa;Lithuania;Domestico;Offline;Baja;184062469;7030;668;503;4697938;3532856;2019
C9621;Africa;South_Sudan;Cuidado_personal;Offline;Baja;962162721;4185;82;57;342040;237164;2017
C5642;Asia;Maldives;Ropa;Online;Critica;564245212;1552;109;36;169603;55624;2023
C1262;Asia;Kazakhstan;Domestico;Offline;Media;126296269;2728;668;503;1823041;1370929;2023
C8546;Africa;Kuwait;Cosmeticos;Online;Baja;854614722;8343;437;263;3647560;2196962;2021
C8758;Africa;Rwanda;Cuidado_personal;Offline;Alta;875811898;1058;82;57;86470;59957;2023
C1868;Africa;Cameroon;Cuidado_personal;Offline;Critica;186811625;566;82;57;46259;32075;2020
C2048;Europa;Czech_Republic;Carnicos;Offline;Critica;204850232;8591;422;365;3624457;3133052;2020
C6174;Africa;Equatorial_Guinea;Domestico;Offline;Critica;617476546;3887;668;503;2597565;1953373;2023
C7325;Africa;Liberia;Frutas;Online;Critica;732551896;7240;9;7;67549;50101;2019
C8282;Africa;The_Gambia;Cuidado_personal;Online;Alta;828250110;6468;82;57;528630;366542;2019
C8030;Africa;Liberia;Cuidado_personal;Online;Media;803057515;1419;82;57;115975;80415;2023
C6257;Europa;Monaco;Material_de_oficina;Offline;Media;625772941;8974;651;525;5843959;4710991;2017
C7855;Asia;Thailand;Snacks;Offline;Alta;785507714;8043;153;97;1227201;783710;2021
C9416;Africa;Cape_Verde;Bebida;Offline;Critica;941685664;4569;47;32;216799;145249;2022
C3740;Africa;Rwanda;Frutas;Offline;Media;374043118;6526;9;7;60888;45160;2022
C2326;Africa;Chad;Cuidado_personal;Offline;Media;232628905;8917;82;57;728786;505326;2023
C3878;Africa;Turkey;Cuidado_personal;Online;Baja;387804353;8781;82;57;717671;497619;2020
C7802;Africa;Tanzania;Ropa;Online;Critica;780243289;183;109;36;19998;6559;2023
C9709;Africa;Togo;Cuidado_personal;Online;Media;970932042;9222;82;57;753714;522611;2020
C5911;Australia_y_Oceania;Marshall_Islands;Carnicos;Offline;Alta;591169440;9029;422;365;3809245;3292786;2018
C6925;Centroamerica_y_Caribe;Cuba;Domestico;Online;Baja;692566812;4765;668;503;3184307;2394603;2020
C5970;Africa;Guinea_Bissau;Material_de_oficina;Online;Baja;597047984;8621;651;525;5614081;4525680;2017
C1468;Europa;Georgia;Bebida;Online;Alta;146849286;4822;47;32;228804;153291;2019
C1545;Centroamerica_y_Caribe;The_Bahamas;Frutas;Offline;Alta;154519546;4622;9;7;43123;31984;2020
C1529;Europa;Ukraine;Frutas;Offline;Critica;152920091;1308;9;7;12204;9051;2018
C6452;Africa;Djibouti;Cereales;Online;Critica;645224750;5197;206;117;1069023;608621;2021
C8549;Centroamerica_y_Caribe;Honduras;Material_de_oficina;Offline;Critica;854919850;8637;651;525;5624501;4534080;2022
C9758;Australia_y_Oceania;Palau;Cereales;Online;Critica;975804221;1008;206;117;207346;118047;2023
C8219;Europa;Portugal;Domestico;Offline;Baja;821989190;3723;668;503;2487969;1870956;2023
C2778;Africa;Iraq;Alimento_infantil;Offline;Baja;277898585;5222;255;159;1333072;832491;2017
C6482;Asia;Philippines;Verduras;Offline;Baja;648268735;5979;154;91;921125;543670;2022
C6081;Centroamerica_y_Caribe;Barbados;Frutas;Offline;Critica;608148467;3501;9;7;32664;24227;2019
C2528;Africa;Mozambique;Cereales;Online;Baja;252899110;7321;206;117;1505930;857362;2017
C6481;Europa;Vatican_City;Frutas;Online;Alta;648194491;4009;9;7;37404;27742;2021
C6800;Africa;Kuwait;Snacks;Offline;Alta;680020940;2163;153;97;330031;210763;2017
C2046;Africa;Gabon;Alimento_infantil;Offline;Critica;204677283;7411;255;159;1891880;1181462;2022
C4987;Asia;Brunei;Ropa;Online;Media;498774850;7417;109;36;810530;265825;2019
C2092;Africa;Iran;Frutas;Online;Alta;209237468;6871;9;7;64106;47547;2022
C3033;Europa;Czech_Republic;Cosmeticos;Offline;Critica;303301465;2498;437;263;1092126;657798;2018
C9185;Australia_y_Oceania;Nauru;Carnicos;Offline;Alta;918515670;8053;422;365;3397480;2936849;2020
C9127;Europa;Monaco;Snacks;Online;Baja;912741410;9321;153;97;1422198;908238;2023
C1141;Europa;Vatican_City;Cereales;Offline;Baja;114152514;9121;206;117;1876190;1068160;2019
C6712;Africa;Swaziland;Cuidado_personal;Online;Baja;671235311;2300;82;57;187979;130341;2022
C3027;Centroamerica_y_Caribe;Barbados;Alimento_infantil;Online;Media;302788627;738;255;159;188397;117652;2021
C8479;Europa;Slovakia;Cuidado_personal;Online;Media;847923791;8347;82;57;682200;473024;2022
C6160;Australia_y_Oceania;Tuvalu;Alimento_infantil;Online;Alta;616064631;6070;255;159;1549550;967679;2022
C2369;Europa;Austria;Frutas;Offline;Media;236947476;6879;9;7;64181;47603;2023
C4106;Australia_y_Oceania;Tonga;Domestico;Online;Alta;410621154;779;668;503;520582;391479;2020
C5574;Centroamerica_y_Caribe;Dominica;Frutas;Online;Baja;557446992;9807;9;7;91499;67864;2020
C1680;Australia_y_Oceania;Samoa;Cosmeticos;Offline;Alta;168098819;3031;437;263;1325153;798153;2017
C1535;Australia_y_Oceania;Kiribati;Verduras;Offline;Alta;153562963;1548;154;91;238485;140760;2019
C5951;Centroamerica_y_Caribe;Panama;Ropa;Offline;Baja;595138251;3489;109;36;381278;125046;2022
C2944;Asia;Uzbekistan;Alimento_infantil;Online;Baja;294436013;9014;255;159;2301094;1437012;2017
C8233;Africa;Swaziland;Alimento_infantil;Online;Critica;823380076;5317;255;159;1357324;847636;2018
C6742;Africa;Saudi_Arabia;Frutas;Online;Alta;674206769;1620;9;7;15115;11210;2017
C2094;Africa;Zambia;Material_de_oficina;Offline;Alta;209464919;4179;651;525;2721407;2193808;2020
C3120;Norteamerica;Greenland;Alimento_infantil;Online;Alta;312015855;1280;255;159;326758;204058;2017
C1350;Asia;Turkmenistan;Carnicos;Offline;Baja;135033404;8240;422;365;3476374;3005046;2022
C2520;Centroamerica_y_Caribe;El_Salvador;Alimento_infantil;Offline;Media;252003896;2408;255;159;614714;383883;2018
C4067;Africa;Pakistan;Alimento_infantil;Offline;Alta;406726157;8163;255;159;2083851;1301345;2018
C8633;Africa;Libya;Cuidado_personal;Offline;Media;863311517;1917;82;57;156676;108636;2022
C1561;Asia;Taiwan;Bebida;Offline;Critica;156183803;7113;47;32;337512;226122;2019
C9400;Europa;Macedonia;Bebida;Offline;Baja;940079343;9223;47;32;437631;293199;2019
C5400;Australia_y_Oceania;Solomon_Islands;Domestico;Offline;Alta;540046966;753;668;503;503207;378413;2019
C4014;Norteamerica;Mexico;Bebida;Offline;Media;401447999;6239;47;32;296041;198338;2019
C2399;Africa;Somalia;Cuidado_personal;Offline;Alta;239956271;7248;82;57;592379;410744;2020
C2915;Asia;Taiwan;Frutas;Online;Media;291558110;7379;9;7;68846;51063;2019
C8625;Centroamerica_y_Caribe;Cuba;Domestico;Online;Critica;862552344;7261;668;503;4852308;3648943;2022
C9795;Australia_y_Oceania;Federated_States_of_Micronesia;Frutas;Offline;Critica;979550302;9557;9;7;89167;66134;2021
C6394;Australia_y_Oceania;Australia;Domestico;Offline;Alta;639475810;3958;668;503;2645013;1989053;2022
C3595;Asia;Myanmar;Cereales;Offline;Alta;359565198;2187;206;117;449866;256120;2020
C7273;Europa;Montenegro;Cereales;Online;Baja;727367293;3001;206;117;617306;351447;2017
C1507;Africa;Nigeria;Ropa;Offline;Media;150743424;7184;109;36;785068;257475;2021
C7078;Centroamerica_y_Caribe;The_Bahamas;Verduras;Online;Alta;707867419;2555;154;91;393623;232326;2017
C4972;Africa;Ethiopia;Snacks;Offline;Alta;497225606;8961;153;97;1367269;873160;2023
C3876;Australia_y_Oceania;Nauru;Verduras;Offline;Alta;387616813;3283;154;91;505779;298523;2020
C8681;Centroamerica_y_Caribe;Haiti;Domestico;Online;Baja;868152368;4433;668;503;2962441;2227760;2018
C6982;Centroamerica_y_Caribe;Antigua_and_Barbuda_;Snacks;Online;Alta;698256099;8351;153;97;1274196;813721;2019
C9576;Europa;Slovenia;Carnicos;Online;Baja;957664334;3013;422;365;1271155;1098811;2023
C9964;Norteamerica;Greenland;Material_de_oficina;Online;Baja;996425902;3422;651;525;2228441;1796413;2022
C6849;Africa;Burundi;Cosmeticos;Offline;Critica;684902131;6615;437;263;2892078;1741928;2018
C8637;Europa;Czech_Republic;Material_de_oficina;Offline;Alta;863766849;6660;651;525;4337059;3496234;2022
C1940;Africa;Equatorial_Guinea;Material_de_oficina;Offline;Media;194006383;9655;651;525;6287433;5068489;2018
C1069;Centroamerica_y_Caribe;Dominican_Republic;Ropa;Offline;Alta;106919562;8729;109;36;953905;312847;2021
C7541;Europa;Poland;Cuidado_personal;Online;Critica;754117715;9045;82;57;739248;512580;2023
C5575;Europa;Albania;Frutas;Offline;Critica;557524669;2794;9;7;26068;19334;2017
C2593;Africa;Sudan;Snacks;Offline;Baja;259376752;4200;153;97;640836;409248;2019
C6722;Norteamerica;Canada;Carnicos;Online;Baja;672222793;4517;422;365;1905677;1647305;2021
C4289;Europa;Czech_Republic;Cereales;Online;Baja;428924119;7033;206;117;1446688;823635;2019
C9326;Africa;Madagascar;Domestico;Offline;Critica;932654559;2065;668;503;1379978;1037745;2018
C5069;Europa;Estonia;Bebida;Online;Alta;506900441;1960;47;32;93002;62308;2018
C2454;Africa;Ethiopia;Ropa;Online;Media;245460593;6099;109;36;666499;218588;2020
C8624;Africa;Republic_of_the_Congo;Snacks;Online;Media;862446343;5893;153;97;899154;574214;2021
C4422;Europa;Croatia;Domestico;Offline;Critica;442281520;9785;668;503;6539022;4917354;2020
C2897;Europa;Switzerland;Bebida;Offline;Alta;289702451;8248;47;32;391368;262204;2019
C8797;Africa;Angola;Bebida;Offline;Critica;879757964;8787;47;32;416943;279339;2017
C5078;Asia;Cambodia;Cereales;Offline;Alta;507809388;937;206;117;192741;109732;2023
C2395;Africa;Pakistan;Domestico;Offline;Critica;239530551;1268;668;503;847366;637221;2017
C7609;Africa;Malawi;Alimento_infantil;Online;Baja;760907781;8376;255;159;2138225;1335302;2020
C1282;Africa;Botswana;Cereales;Offline;Baja;128239905;7893;206;117;1623590;924349;2021
C5181;Centroamerica_y_Caribe;Saint_Vincent_and_the_Grenadines;Alimento_infantil;Online;Critica;518138253;7478;255;159;1908984;1192143;2022
C5775;Australia_y_Oceania;Kiribati;Snacks;Online;Alta;577526652;1825;153;97;278459;177828;2017
C3736;Centroamerica_y_Caribe;Honduras;Material_de_oficina;Offline;Baja;373641431;7657;651;525;4986315;4019619;2023
C9440;Africa;Israel;Carnicos;Offline;Baja;944031417;8730;422;365;3683100;3183744;2021
C2465;Asia;Brunei;Bebida;Online;Baja;246557939;828;47;32;39289;26322;2021
C8093;Africa;Senegal;Material_de_oficina;Online;Baja;809394824;6770;651;525;4408692;3553979;2022
C2810;Europa;Iceland;Verduras;Offline;Alta;281028401;1404;154;91;216300;127666;2020
C8802;Centroamerica_y_Caribe;Haiti;Material_de_oficina;Offline;Baja;880257499;6610;651;525;4304498;3469986;2020
C8461;Europa;Switzerland;Alimento_infantil;Online;Media;846193444;6299;255;159;1608009;1004187;2020
C2882;Europa;Italy;Carnicos;Offline;Alta;288260066;1414;422;365;596552;515672;2021
C7361;Europa;Romania;Cereales;Online;Media;736193692;4928;206;117;1013690;577118;2018
C1900;Europa;Georgia;Cereales;Offline;Critica;190043151;6846;206;117;1408222;801735;2021
C7701;Norteamerica;United_States_of_America;Carnicos;Offline;Media;770169770;9205;422;365;3883497;3356971;2019
C1672;Australia_y_Oceania;Kiribati;Material_de_oficina;Offline;Critica;167247378;1071;651;525;697446;562232;2022
C1922;Europa;Bosnia_and_Herzegovina;Snacks;Online;Critica;192262303;3543;153;97;540591;345230;2018
C9265;Africa;Mauritius;Cuidado_personal;Offline;Media;926513373;4751;82;57;388299;269239;2022
C2716;Norteamerica;Greenland;Carnicos;Online;Media;271611917;4857;422;365;2049120;1771299;2023
C6994;Africa;Zimbabwe;Material_de_oficina;Online;Critica;699481761;1052;651;525;685073;552258;2022
C7023;Europa;Belgium;Ropa;Offline;Media;702359235;2560;109;36;279757;91750;2022
C6427;Europa;Luxembourg;Verduras;Online;Media;642793166;5637;154;91;868436;512572;2018
C5036;Africa;Sudan;Material_de_oficina;Online;Baja;503644883;8568;651;525;5579567;4497857;2019
C3380;Africa;Cote_d'Ivoire;Cuidado_personal;Online;Alta;338088214;6670;82;57;545139;377989;2023
C7196;Africa;Rwanda;Cereales;Offline;Media;719609487;7293;206;117;1500170;854083;2017
C4920;Norteamerica;Mexico;Verduras;Online;Media;492007529;4816;154;91;741953;437919;2017
C8193;Australia_y_Oceania;Tuvalu;Verduras;Offline;Critica;819393670;5651;154;91;870593;513845;2022
C2361;Africa;Guinea_Bissau;Frutas;Offline;Critica;236191737;3239;9;7;30220;22414;2017
C4971;Europa;Greece;Cereales;Online;Critica;497138059;3054;206;117;628208;357654;2017
C7272;Centroamerica_y_Caribe;Haiti;Bebida;Online;Baja;727281463;7601;47;32;360667;241636;2017
C5719;Africa;Yemen;Carnicos;Online;Media;571983277;1417;422;365;597818;516766;2017
C6469;Europa;Russia;Cuidado_personal;Offline;Baja;646917331;6069;82;57;496019;343930;2019
C2880;Africa;Tunisia;Alimento_infantil;Offline;Media;288069951;5155;255;159;1315968;821810;2017
C7017;Asia;India;Verduras;Online;Media;701739966;9305;154;91;1433528;846104;2019
C9145;Asia;Taiwan;Cereales;Online;Alta;914538705;1181;206;117;242932;138307;2021
C9233;Africa;Morocco;Snacks;Offline;Alta;923389995;474;153;97;72323;46187;2019
C3455;Africa;Zimbabwe;Bebida;Online;Media;345530164;8909;47;32;422732;283217;2023
C6685;Africa;Lebanon;Ropa;Online;Baja;668508040;5240;109;36;572627;187802;2020
C3001;Australia_y_Oceania;Federated_States_of_Micronesia;Material_de_oficina;Offline;Alta;300184953;253;651;525;164756;132815;2023
C4187;Europa;Macedonia;Frutas;Online;Baja;418734729;1766;9;7;16477;12221;2023
C9226;Africa;Ghana;Cosmeticos;Online;Media;922643697;9628;437;263;4209362;2535341;2019
C8807;Norteamerica;Greenland;Material_de_oficina;Offline;Alta;880710685;718;651;525;467569;376921;2019
C7820;Africa;Bahrain;Domestico;Online;Baja;782047021;3947;668;503;2637662;1983525;2017
C2860;Europa;Serbia;Alimento_infantil;Offline;Critica;286076533;5258;255;159;1342262;838230;2019
C4725;Africa;Lebanon;Alimento_infantil;Offline;Alta;472535550;2625;255;159;670110;418478;2018
C6914;Europa;Monaco;Carnicos;Online;Alta;691472899;1052;422;365;443828;383654;2023
C8132;Africa;Iran;Alimento_infantil;Online;Alta;813249909;7575;255;159;1933746;1207607;2020
C7785;Africa;Mauritius_;Frutas;Online;Media;778540408;6263;9;7;58434;43340;2020
C1483;Centroamerica_y_Caribe;Saint_Kitts_and_Nevis_;Carnicos;Online;Critica;148330724;3212;422;365;1355111;1171384;2023
C3539;Europa;Bulgaria;Frutas;Online;Baja;353919684;1554;9;7;14499;10754;2021
C6469;Europa;Italy;Ropa;Offline;Media;646918618;6450;109;36;704856;231168;2018
C3492;Africa;Namibia;Verduras;Offline;Baja;349251353;91;154;91;14019;8275;2023
C2031;Europa;San_Marino;Bebida;Online;Media;203154218;6702;47;32;318010;213057;2018
C1211;Centroamerica_y_Caribe;The_Bahamas;Bebida;Offline;Baja;121176040;7538;47;32;357678;239633;2019
C5361;Africa;Lebanon;Alimento_infantil;Online;Baja;536178147;5884;255;159;1502068;938027;2018
C1513;Australia_y_Oceania;Australia;Verduras;Online;Alta;151334369;2058;154;91;317055;187134;2023
C8901;Asia;Tajikistan;Cuidado_personal;Online;Baja;890131032;8408;82;57;687186;476481;2019
C2463;Centroamerica_y_Caribe;El_Salvador;Domestico;Online;Alta;246366965;4315;668;503;2883585;2168460;2017
C7341;Asia;Indonesia;Cereales;Online;Baja;734153497;1189;206;117;244577;139244;2021
C4379;Europa;Sweden;Cuidado_personal;Offline;Media;437914454;7473;82;57;610768;423495;2017
C6623;Australia_y_Oceania;Tonga;Domestico;Offline;Alta;662386167;3641;668;503;2433171;1829748;2022
C9826;Africa;Mozambique;Ropa;Online;Media;982617461;7198;109;36;786597;257976;2023
C5939;Europa;Andorra;Cosmeticos;Online;Critica;593969666;7678;437;263;3356822;2021848;2017
C5621;Australia_y_Oceania;Solomon_Islands;Verduras;Online;Alta;562116611;1651;154;91;254353;150125;2017
C6730;Europa;Romania;Verduras;Offline;Media;673044621;7715;154;91;1188573;701525;2021
C7830;Centroamerica_y_Caribe;Saint_Vincent_and_the_Grenadines;Material_de_oficina;Offline;Alta;783052527;1499;651;525;976164;786915;2023
C3687;Europa;France;Carnicos;Offline;Baja;368751657;664;422;365;280135;242154;2017
C7770;Africa;The_Gambia;Domestico;Offline;Baja;777065837;9904;668;503;6618546;4977156;2022
C2752;Australia_y_Oceania;Samoa;Snacks;Offline;Baja;275231397;5941;153;97;906478;578891;2021
C8007;Europa;Serbia;Ropa;Offline;Media;800797164;2531;109;36;276588;90711;2022
C3116;Centroamerica_y_Caribe;Saint_Vincent_and_the_Grenadines;Cosmeticos;Online;Alta;311624467;5460;437;263;2387112;1437782;2020
C4358;Africa;Syria;Bebida;Offline;Baja;435887134;7544;47;32;357963;239824;2020
C6220;Australia_y_Oceania;Australia;Verduras;Offline;Alta;622071492;3633;154;91;559700;330349;2019
C3889;Africa;Cote_d'Ivoire;Cosmeticos;Offline;Media;388976371;5607;437;263;2451380;1476491;2022
C6757;Centroamerica_y_Caribe;Dominican_Republic;Cuidado_personal;Online;Critica;675713098;7376;82;57;602840;417998;2021
C6917;Africa;Rwanda;Frutas;Online;Media;691705501;9884;9;7;92218;68397;2017
C1666;Africa;Chad;Cosmeticos;Online;Media;166689908;6103;437;263;2668232;1607103;2022
C7007;Africa;Kenya;Domestico;Offline;Alta;700715148;6039;668;503;4035683;3034839;2021
C8141;Centroamerica_y_Caribe;Belize;Bebida;Online;Media;814142549;1727;47;32;81946;54901;2020
C8976;Australia_y_Oceania;Palau;Snacks;Offline;Critica;897645938;2236;153;97;341169;217876;2020
C9622;Africa;Equatorial_Guinea;Material_de_oficina;Offline;Alta;962211644;8663;651;525;5641432;4547728;2020
C1891;Asia;Kyrgyzstan;Domestico;Offline;Baja;189138495;9139;668;503;6107320;4592713;2018
C9800;Asia;Bangladesh;Frutas;Online;Baja;980037820;3824;9;7;35678;26462;2019
C4068;Asia;Bhutan;Alimento_infantil;Online;Alta;406833446;9912;255;159;2530335;1580171;2019
C5617;Europa;Macedonia;Carnicos;Offline;Baja;561761701;6626;422;365;2795443;2416436;2022
C9073;Australia_y_Oceania;Samoa;Verduras;Offline;Critica;907371413;220;154;91;33893;20005;2021
C5265;Europa;Austria;Bebida;Online;Media;526523911;8981;47;32;426148;285506;2020
C3723;Europa;Italy;Bebida;Online;Alta;372393023;8226;47;32;390324;261505;2020
C1184;Africa;Bahrain;Material_de_oficina;Offline;Media;118465077;5304;651;525;3454018;2784388;2021
C4085;Australia_y_Oceania;Australia;Snacks;Offline;Critica;408538901;4594;153;97;700953;447639;2018
C6067;Africa;Nigeria;Cosmeticos;Online;Baja;606725823;2509;437;263;1096935;660695;2019
C1474;Europa;Spain;Ropa;Offline;Critica;147449672;2489;109;36;271998;89206;2021
C7854;Europa;Hungary;Carnicos;Online;Media;785446774;10;422;365;4219;3647;2018
C7457;Europa;Bosnia_and_Herzegovina;Verduras;Offline;Baja;745765960;7575;154;91;1167005;688795;2018
C5737;Asia;South_Korea;Cosmeticos;Online;Critica;573768556;9721;437;263;4250021;2559831;2019
C8851;Africa;The_Gambia;Snacks;Offline;Baja;885128390;8015;153;97;1222929;780982;2020
C1158;Europa;Norway;Bebida;Online;Baja;115831792;6056;47;32;287357;192520;2022
C3721;Norteamerica;Mexico;Frutas;Offline;Media;372177588;4474;9;7;41742;30960;2023
C6807;Europa;France;Cosmeticos;Offline;Baja;680777108;5930;437;263;2592596;1561547;2023
C1385;Centroamerica_y_Caribe;Belize;Frutas;Offline;Alta;138554179;115;9;7;1073;796;2022
C1627;Africa;Malawi;Bebida;Online;Alta;162745130;8755;47;32;415425;278321;2021
C4408;Asia;India;Cuidado_personal;Offline;Critica;440898787;604;82;57;49365;34229;2023
C2808;Asia;Tajikistan;Frutas;Online;Media;280876481;6447;9;7;60151;44613;2021
C8608;Europa;Finland;Verduras;Online;Baja;860852038;4103;154;91;632108;373086;2019
C2793;Africa;Rwanda;Ropa;Offline;Critica;279311788;3420;109;36;373738;122573;2018
